create database insurance;

create table insurance.Company(Branch_id int not null primary key, 
No_of_employee int not null,
City varchar(500), 
Zipcode int);

create table insurance.Agent(Agent_id int not null primary key, 
First_name varchar(500) not null,
Last_name varchar(500) not null,
Phone_num int,
Email varchar(500), 
City varchar(500), 
Zipcode int,
Branch_id int,
FOREIGN KEY(Branch_id) REFERENCES Company(Branch_id) on delete cascade on update cascade);

create table insurance.Customer(Customer_id int not null primary key, 
DoB date,
First_name varchar(500) not null,
Last_name varchar(500) not null,
Phone_num int,
Email varchar(500), 
City varchar(500), 
Zipcode int,
Agent_id int,
FOREIGN KEY(Agent_id) REFERENCES Agent(Agent_id) on delete cascade on update cascade);

create table insurance.Policy(Policy_no int not null primary key, 
Start_date date not null, #yyyy-mm-dd#
End_date date not null ,
Premium int, 
Coverage int, 
Branch_id int,
FOREIGN KEY(Branch_id) REFERENCES Company(Branch_id) on delete cascade on update cascade,
Agent_id int,
FOREIGN KEY(Agent_id) REFERENCES Agent(Agent_id) on delete cascade on update cascade);

create table insurance.Customer_Policy(Customer_id int,
Policy_no int,
primary key (Customer_id, Policy_no),
FOREIGN KEY(Policy_no) REFERENCES Policy(Policy_no) on delete cascade on update cascade,
FOREIGN KEY(Customer_id) REFERENCES Customer(Customer_id) on delete cascade on update cascade);

create table insurance.Payment(Billing_id int not null primary key, 
Bank_account_no int not null,
Payment_date year, 
Amount int,
Customer_id int,
FOREIGN KEY(Customer_id) REFERENCES Customer(Customer_id) on delete cascade on update cascade);

create table insurance.Claim(Claim_id int not null primary key, 
Amount_issued int not null,
Date_issued date, 
Billing_id int,
FOREIGN KEY(Billing_id) REFERENCES Payment(Billing_id) on delete cascade on update cascade);

create table insurance.Policy_Claim(Claim_id int,
Policy_no int,
primary key (Claim_id, Policy_no),
FOREIGN KEY(Policy_no) REFERENCES Policy(Policy_no) on delete cascade on update cascade,
FOREIGN KEY(Claim_id) REFERENCES Claim(Claim_id) on delete cascade on update cascade);

create table insurance.Health(Health_id int not null primary key, 
Medical_history varchar(5000),
Associated_hospital varchar(5000) , 
Treatment_not_insured varchar(5000), 
Policy_no int,
FOREIGN KEY(Policy_no) REFERENCES Policy(Policy_no) on delete cascade on update cascade);

create table insurance.Car(Car_Num int not null primary key, 
Model varchar(1000),
Registration_Year year , 
Policy_no int,
FOREIGN KEY(Policy_no) REFERENCES Policy(Policy_no) on delete cascade on update cascade);

create table insurance.Home(Home_no int not null primary key, 
Home_type varchar(500),
City varchar(500), 
Zipcode int,
Year_built year,
Area int,
Policy_no int,
FOREIGN KEY(Policy_no) REFERENCES Policy(Policy_no) on delete cascade on update cascade);

insert into company(
Branch_id,	No_of_Employee,	City,	Zipcode)
values
(1001,16,'Bothell',98011 ),
(1002,14,'Portland',97205 ),
(1003,15,'Seattle',98104  ),
(1004,17,'Duluth',55802 ),
(1005,14,'Dallas',75201  ),
(1006,15,'San Francisco',94109 ),
(1007,16,'Nevada',84407  );

alter table insurance.agent
modify column Phone_num varchar(50);

insert into agent(
Agent_id,First_name,Last_name,Phone_num,email,City,	Zipcode,Branch_id)
values
(100,'Steven','King',4310328665,'King@gmail.com','Bothell',98011,1001 ),
(101,'Neena','Kochhar',1584331631,'Kochhar@gmail.com','Bothell',98011,1001 ),
(102,'Lex','De Haan',9635440118,'De Haan@gmail.com','Bothell',98011,1001 ),
(103,'Alexander','Hunold',4751047030,'Hunold@gmail.com','Bothell',98011,1001 ),
(104,'Bruce','Ernst',1114897269,'Ernst@gmail.com','Bothell',98011,1001 ),
(105,'David','Austin',5324031392,'Austin@gmail.com','Bothell',98011,1001 ),
(106,'Valli','Pataballa',2802759703,'Pataballa@gmail.com','Bothell',98011,1001 ),
(107,'Diana','Lorentz',5600410846,'Lorentz@gmail.com','Bothell',98011,1001 ),
(108,'Nancy','Greenberg',1492143973,'Greenberg@gmail.com','Bothell',98011,1001 ),
(109,'Daniel','Faviet',2813288193,'Faviet@gmail.com','Bothell',98011,1001 ),
(110,'John','Chen',3390579994,'Chen@gmail.com','Bothell',98011,1001 ),
(111,'Ismael','Sciarra',5659156419,'Sciarra@gmail.com','Bothell',98011,1001 ),
(112,'Jose Manuel','Urman',8774899583,'Urman@gmail.com','Bothell',98011,1001 ),
(113,'Luis','Popp',2136240354,'Popp@gmail.com','Bothell',98011,1001 ),
(114,'Den','Raphaely',8112527593,'Raphaely@gmail.com','Bothell',98011,1001 ),
(115,'Alexander','Khoo',7482117978,'Khoo@gmail.com','Bothell',98011,1001 ),
(116,'Shelli','Baida',4788357659,'Baida@gmail.com','Portland',97205,1002 ),
(117,'Sigal','Tobias',9721417986,'Tobias@gmail.com','Portland',97205,1002 ),
(118,'Guy','Himuro',3767530779,'Himuro@gmail.com','Portland',97205,1002 ),
(119,'Karen','Colmenares',1944921998,'Colmenares@gmail.com','Portland',97205,1002 ),
(120,'Matthew','Weiss',3728223881,'Weiss@gmail.com','Portland',97205,1002 ),
(121,'Adam','Fripp',4352493344,'Fripp@gmail.com','Portland',97205,1002 ),
(122,'Payam','Kaufling',2351083994,'Kaufling@gmail.com','Portland',97205,1002 ),
(123,'Shanta','Vollman',8291693323,'Vollman@gmail.com','Portland',97205,1002 ),
(124,'Kevin','Mourgos',3744269220,'Mourgos@gmail.com','Portland',97205,1002 ),
(125,'Julia','Nayer',5870751334,'Nayer@gmail.com','Portland',97205,1002 ),
(126,'Irene','Mikkilineni',5937600377,'Mikkilineni@gmail.com','Portland',97205,1002 ),
(127,'James','Landry',9787525310,'Landry@gmail.com','Portland',97205,1002 ),
(128,'Steven','Markle',8558738606,'Markle@gmail.com','Portland',97205,1002 ),
(129,'Laura','Bissot',1652302390,'Bissot@gmail.com','Portland',97205,1002 ),
(130,'Mozhe','Atkinson',9922247093,'Atkinson@gmail.com','Seattle',98104,1003 ),
(131,'James','Marlow',3144951536,'Marlow@gmail.com','Seattle',98104,1003 ),
(132,'TJ','Olson',9252552986,'Olson@gmail.com','Seattle',98104,1003 ),
(133,'Jason','Mallin',4647650204,'Mallin@gmail.com','Seattle',98104,1003 ),
(134,'Michael','Rogers',7043441263,'Rogers@gmail.com','Seattle',98104,1003 ),
(135,'Ki','Gee',2968808159,'Gee@gmail.com','Seattle',98104,1003 ),
(136,'Hazel','Philtanker',5157569792,'Philtanker@gmail.com','Seattle',98104,1003 ),
(137,'Renske','Ladwig',1432256701,'Ladwig@gmail.com','Seattle',98104,1003 ),
(138,'Stephen','Stiles',5683249190,'Stiles@gmail.com','Seattle',98104,1003 ),
(139,'John','Seo',4332324574,'Seo@gmail.com','Seattle',98104,1003 ),
(140,'Joshua','Patel',2584425208,'Patel@gmail.com','Seattle',98104,1003 ),
(141,'Trenna','Rajs',4263302464,'Rajs@gmail.com','Seattle',98104,1003 ),
(142,'Curtis','Davies',4033971085,'Davies@gmail.com','Seattle',98104,1003 ),
(143,'Randall','Matos',2197307521,'Matos@gmail.com','Seattle',98104,1003 ),
(144,'Peter','Vargas',8734498323,'Vargas@gmail.com','Seattle',98104,1003 ),
(145,'John','Russell',3900972732,'Russell@gmail.com','Duluth',55802,1004 ),
(146,'Karen','Partners',9283126611,'Partners@gmail.com','Duluth',55802,1004 ),
(147,'Alberto','Errazuriz',2681457613,'Errazuriz@gmail.com','Duluth',55802,1004 ),
(148,'Gerald','Cambrault',9817561435,'Cambrault@gmail.com','Duluth',55802,1004 ),
(149,'Eleni','Zlotkey',8426027549,'Zlotkey@gmail.com','Duluth',55802,1004 ),
(150,'Peter','Tucker',9042021455,'Tucker@gmail.com','Duluth',55802,1004 ),
(151,'David','Bernstein',6977076330,'Bernstein@gmail.com','Duluth',55802,1004 ),
(152,'Peter','Hall',4878536340,'Hall@gmail.com','Duluth',55802,1004 ),
(153,'Christopher','Olsen',6330141296,'Olsen@gmail.com','Duluth',55802,1004 ),
(154,'Nanette','Cambrault',1690546827,'Cambrault@gmail.com','Duluth',55802,1004 ),
(155,'Oliver','Tuvault',6024138005,'Tuvault@gmail.com','Duluth',55802,1004 ),
(156,'Janette','King',7945961724,'King@gmail.com','Duluth',55802,1004 ),
(157,'Patrick','Sully',3543504429,'Sully@gmail.com','Duluth',55802,1004 ),
(158,'Allan','McEwen',8149035903,'McEwen@gmail.com','Duluth',55802,1004 ),
(159,'Lindsey','Smith',4898570053,'Smith@gmail.com','Duluth',55802,1004 ),
(160,'Louise','Doran',2778580885,'Doran@gmail.com','Duluth',55802,1004 ),
(161,'Sarath','Sewall',2207154970,'Sewall@gmail.com','Duluth',55802,1004 ),
(162,'Clara','Vishney',2766444850,'Vishney@gmail.com','Dallas',75201,1005 ),
(163,'Danielle','Greene',7362275654,'Greene@gmail.com','Dallas',75201,1005 ),
(164,'Mattea','Marvins',6633237976,'Marvins@gmail.com','Dallas',75201,1005 ),
(165,'David','Lee',6879959995,'Lee@gmail.com','Dallas',75201,1005 ),
(166,'Sundar','Ande',5465305008,'Ande@gmail.com','Dallas',75201,1005 ),
(167,'Amit','Banda',4997990107,'Banda@gmail.com','Dallas',75201,1005 ),
(168,'Lisa','Ozer',4006922946,'Ozer@gmail.com','Dallas',75201,1005 ),
(169,'Harrison','Bloom',3259739025,'Bloom@gmail.com','Dallas',75201,1005 ),
(170,'Tayler','Fox',8910179529,'Fox@gmail.com','Dallas',75201,1005 ),
(171,'William','Smith',1554887240,'Smith@gmail.com','Dallas',75201,1005 ),
(172,'Elizabeth','Bates',6869471303,'Bates@gmail.com','Dallas',75201,1005 ),
(173,'Sundita','Kumar',5337489847,'Kumar@gmail.com','Dallas',75201,1005 ),
(174,'Ellen','Abel',3783092415,'Abel@gmail.com','Dallas',75201,1005 ),
(175,'Alyssa','Hutton',6881142461,'Hutton@gmail.com','Dallas',75201,1005 ),
(176,'Jonathon','Taylor',9377352404,'Taylor@gmail.com','San Francisco',94109,1006 ),
(177,'Jack','Livingston',9062002107,'Livingston@gmail.com','San Francisco',94109,1006 ),
(178,'Kimberely','Grant',7132897169,'Grant@gmail.com','San Francisco',94109,1006 ),
(179,'Charles','Johnson',7385007777,'Johnson@gmail.com','San Francisco',94109,1006 ),
(180,'Winston','Taylor',3078836516,'Taylor@gmail.com','San Francisco',94109,1006 ),
(181,'Jean','Fleaur',9074913534,'Fleaur@gmail.com','San Francisco',94109,1006 ),
(182,'Martha','Sullivan',3194035396,'Sullivan@gmail.com','San Francisco',94109,1006 ),
(183,'Girard','Geoni',3796730045,'Geoni@gmail.com','San Francisco',94109,1006 ),
(184,'Nandita','Sarchand',7345506775,'Sarchand@gmail.com','San Francisco',94109,1006 ),
(185,'Alexis','Bull',4501282952,'Bull@gmail.com','San Francisco',94109,1006 ),
(186,'Julia','Dellinger',7174176376,'Dellinger@gmail.com','San Francisco',94109,1006 ),
(187,'Anthony','Cabrio',5938603173,'Cabrio@gmail.com','San Francisco',94109,1006 ),
(188,'Kelly','Chung',7791216106,'Chung@gmail.com','San Francisco',94109,1006 ),
(189,'Jennifer','Dilly',6575469105,'Dilly@gmail.com','San Francisco',94109,1006 ),
(190,'Timothy','Gates',4977163175,'Gates@gmail.com','San Francisco',94109,1006 ),
(191,'Randall','Perkins',5715555901,'Perkins@gmail.com','Nevada',84407,1007 ),
(192,'Sarah','Bell',6109030319,'Bell@gmail.com','Nevada',84407,1007 ),
(193,'Britney','Everett',4823458562,'Everett@gmail.com','Nevada',84407,1007 ),
(194,'Samuel','McCain',2729651762,'McCain@gmail.com','Nevada',84407,1007 ),
(195,'Vance','Jones',8147559372,'Jones@gmail.com','Nevada',84407,1007 ),
(196,'Alana','Walsh',5134612374,'Walsh@gmail.com','Nevada',84407,1007 ),
(197,'Kevin','Feeney',7207684462,'Feeney@gmail.com','Nevada',84407,1007 ),
(198,'Donald','OConnell',7316908919,'OConnell@gmail.com','Nevada',84407,1007 ),
(199,'Douglas','Grant',7020117104,'Grant@gmail.com','Nevada',84407,1007 ),
(200,'Jennifer','Whalen',3658311945,'Whalen@gmail.com','Nevada',84407,1007 ),
(201,'Michael','Hartstein',6932843524,'Hartstein@gmail.com','Nevada',84407,1007 ),
(202,'Pat','Fay',1301705654,'Fay@gmail.com','Nevada',84407,1007 ),
(203,'Susan','Mavris',1426896550,'Mavris@gmail.com','Nevada',84407,1007 ),
(204,'Hermann','Baer',6409501499,'Baer@gmail.com','Nevada',84407,1007 ),
(205,'Shelley','Higgins',6172461769,'Higgins@gmail.com','Nevada',84407,1007 ),
(206,'William','Gietz',6843249210,'Gietz@gmail.com','Nevada',84407,1007 );


alter table insurance.customer
modify column Phone_num varchar(50);

insert into customer(
Customer_id,DoB,First_name,Last_name,Phone_num,Email,City,Zipcode,Agent_id)
values
(200,'1969-06-07','Schmitt','Carine',4459340310,'Carine@gmail.com','Bothell',98011,118 ),
(201,'1969-07-10','King','Jean',2289217716,'Jean@gmail.com','Bothell',98011,118 ),
(202,'1967-12-20','Ferguson','Peter',9338085539,'Peter@gmail.com','Bothell',98011,119 ),
(203,'1967-11-02','Labrune','Janine',4139963837,'Janine@gmail.com','Bothell',98011,151 ),
(204,'1950-03-01','Bergulfsen','Jonas',9715752348,'Jonas@gmail.com','Bothell',98011,183 ),
(205,'1940-09-24','Nelson','Susan',2243377911,'Susan@gmail.com','Bothell',98011,114 ),
(206,'1963-07-29','Piestrzeniewicz','Zbyszek',5752926398,'Zbyszek@gmail.com','Bothell',98011,195 ),
(207,'1963-12-27','Keitel','Roland',2268828580,'Roland@gmail.com','Bothell',98011,183 ),
(208,'1948-09-07','Murphy','Julie',1670080820,'Julie@gmail.com','Bothell',98011,156 ),
(209,'1950-09-01','Lee','Kwai',5709818780,'Kwai@gmail.com','Bothell',98011,129 ),
(210,'1945-06-20','Freyre','Diego',4754324337,'Diego@gmail.com','Bothell',98011,139 ),
(211,'1973-01-07','Berglund','Christina',1897714216,'Christina@gmail.com','Bothell',98011,195 ),
(212,'1969-01-09','Petersen','Jytte',5567926563,'Jytte@gmail.com','Bothell',98011,173 ),
(213,'1944-05-22','Saveley','Mary',6259430628,'Mary@gmail.com','Bothell',98011,192 ),
(214,'1954-07-07','Natividad','Eric',6052109737,'Eric@gmail.com','Bothell',98011,187 ),
(215,'1961-07-29','Young','Jeff',2135360131,'Jeff@gmail.com','Portland',97205,127 ),
(216,'1953-08-12','Leong','Kelvin',4681594783,'Kelvin@gmail.com','Portland',97205,106 ),
(217,'1961-10-03','Hashimoto','Juri',9088878739,'Juri@gmail.com','Portland',97205,114 ),
(218,'1951-07-12','Victorino','Wendy',6873745577,'Wendy@gmail.com','Portland',97205,100 ),
(219,'1967-12-27','Oeztan','Veysel',3350339970,'Veysel@gmail.com','Portland',97205,166 ),
(220,'1960-01-01','Franco','Keith',7099963823,'Keith@gmail.com','Portland',97205,148 ),
(221,'1970-08-09','de Castro','Isabel',7514683982,'Isabel@gmail.com','Portland',97205,102 ),
(222,'1964-07-26','Rancé','Martine',2192514471,'Martine@gmail.com','Portland',97205,103 ),
(223,'1963-09-16','Bertrand','Marie',2271760423,'Marie@gmail.com','Portland',97205,137 ),
(224,'1958-09-27','Tseng','Jerry',3405637677,'Jerry@gmail.com','Portland',97205,107 ),
(225,'1960-03-05','King','Julie',7770513017,'Julie@gmail.com','Portland',97205,166 ),
(226,'1953-06-17','Kentary','Mory',1993488828,'Mory@gmail.com','Portland',97205,141 ),
(227,'1967-02-24','Frick','Michael',1476560053,'Michael@gmail.com','Portland',97205,200 ),
(228,'1972-12-27','Karttunen','Matti',7990014981,'Matti@gmail.com','Seattle',98104,163 ),
(229,'1962-03-08','Ashworth','Rachel',2952470018,'Rachel@gmail.com','Seattle',98104,193 ),
(230,'1958-07-04','Cassidy','Dean',9265096307,'Dean@gmail.com','Seattle',98104,157 ),
(231,'1955-01-15','Taylor','Leslie',9556399767,'Leslie@gmail.com','Seattle',98104,175 ),
(232,'1949-11-18','Devon','Elizabeth',5105291974,'Elizabeth@gmail.com','Seattle',98104,136 ),
(233,'1974-04-21','Tamuri','Yoshi',2062690189,'Yoshi@gmail.com','Seattle',98104,109 ),
(234,'1969-08-23','Barajas','Miguel',1546960766,'Miguel@gmail.com','Seattle',98104,111 ),
(235,'1971-11-20','Young','Julie',5733056509,'Julie@gmail.com','Seattle',98104,107 ),
(236,'1976-08-05','Walker','Brydey',8592410578,'Brydey@gmail.com','Seattle',98104,100 ),
(237,'1966-12-30','Citeaux','Frédérique',5260248029,'Frédérique@gmail.com','Seattle',98104,172 ),
(238,'1975-04-15','Gao','Mike',6182522642,'Mike@gmail.com','Seattle',98104,183 ),
(239,'1968-03-11','Saavedra','Eduardo',6040730940,'Eduardo@gmail.com','Seattle',98104,195 ),
(240,'1971-10-15','Young','Mary',7078375238,'Mary@gmail.com','Seattle',98104,176 ),
(241,'1942-11-17','Kloss','Horst',7874617773,'Horst@gmail.com','Seattle',98104,121 ),
(242,'1976-11-01','Ibsen','Palle',4655761784,'Palle@gmail.com','Duluth',55802,102 ),
(243,'1969-06-17','Fresnière','Jean',3030109286,'Jean@gmail.com','Duluth',55802,138 ),
(244,'1964-01-03','Camino','Alejandra',7310117541,'Alejandra@gmail.com','Duluth',55802,131 ),
(245,'1977-10-17','Thompson','Valarie',1888227461,'Valarie@gmail.com','Duluth',55802,194 ),
(246,'1966-04-15','Bennett','Helen',3339411832,'Helen@gmail.com','Duluth',55802,146 ),
(247,'1958-02-23','Roulet','Annette',1631478398,'Annette@gmail.com','Duluth',55802,139 ),
(248,'1971-11-11','Messner','Renate',2753511692,'Renate@gmail.com','Duluth',55802,206 ),
(249,'1960-01-21','Accorti','Paolo',1649427760,'Paolo@gmail.com','Duluth',55802,197 ),
(250,'1953-10-31','Da Silva','Daniel',1647841331,'Daniel@gmail.com','Duluth',55802,102 ),
(251,'1946-08-23','Tonini','Daniel',3826928877,'Daniel@gmail.com','Duluth',55802,160 ),
(252,'1954-12-18','Pfalzheim','Henriette',7739571600,'Henriette@gmail.com','Duluth',55802,177 ),
(253,'1936-09-26','Lincoln','Elizabeth',8147994155,'Elizabeth@gmail.com','Dallas',75201,109 ),
(254,'1950-06-16','Franken','Peter',6261722184,'Peter@gmail.com','Dallas',75201,147 ),
(255,'1947-01-07',"O'Hara",'Anna',6271023403,'Anna@gmail.com','Dallas',75201,128 ),
(256,'1971-02-15','Rovelli','Giovanni',1326486278,'Giovanni@gmail.com','Dallas',75201,134 ),
(257,'1972-05-09','Huxley','Adrian',3882583325,'Adrian@gmail.com','Dallas',75201,135 ),
(258,'1965-07-22','Hernandez','Marta',2223812591,'Marta@gmail.com','Dallas',75201,121 ),
(259,'1969-03-22','Harrison','Ed',5864906337,'Ed@gmail.com','Dallas',75201,189 ),
(260,'1962-09-29','Holz','Mihael',2143536807,'Mihael@gmail.com','Dallas',75201,145 ),
(261,'1969-06-17','Klaeboe','Jan',6516229246,'Jan@gmail.com','Dallas',75201,181 ),
(262,'1960-03-25','Schuyler','Bradley',5407262898,'Bradley@gmail.com','Dallas',75201,105 ),
(263,'1974-07-29','Andersen','Mel',9670619947,'Mel@gmail.com','Dallas',75201,146 ),
(264,'1969-07-19','Koskitalo','Pirkko',4340497239,'Pirkko@gmail.com','Dallas',75201,172 ),
(265,'1961-12-03','Dewey','Catherine',6891579948,'Catherine@gmail.com','San Francisco',94109,134 ),
(266,'1968-02-18','Frick','Steve',7459551454,'Steve@gmail.com','San Francisco',94109,121 ),
(267,'1960-02-29','Huang','Wing',7432741654,'Wing@gmail.com','San Francisco',94109,196 ),
(268,'1968-04-27','Brown','Julie',8396763436,'Julie@gmail.com','San Francisco',94109,195 ),
(269,'1954-10-11','Graham','Mike',7677511626,'Mike@gmail.com','San Francisco',94109,190 ),
(270,'1946-10-13','Brown','Ann',4736473774,'Ann@gmail.com','San Francisco',94109,159 ),
(271,'1964-12-23','Brown','William',1312383808,'William@gmail.com','San Francisco',94109,158 ),
(272,'1939-03-14','Calaghan','Ben',2623414822,'Ben@gmail.com','San Francisco',94109,160 ),
(273,'1959-08-02','Suominen','Kalle',9945154987,'Kalle@gmail.com','San Francisco',94109,197 ),
(274,'1973-08-18','Cramer','Philip',7007322462,'Philip@gmail.com','San Francisco',94109,156 ),
(275,'1949-11-03','Cervantes','Francisca',6669476986,'Francisca@gmail.com','San Francisco',94109,164 ),
(276,'1948-11-23','Fernandez','Jesus',5663555665,'Jesus@gmail.com','San Francisco',94109,177 ),
(277,'1962-09-26','Chandler','Brian',4126068314,'Brian@gmail.com','San Francisco',94109,160 ),
(278,'1942-05-19','McKenna','Patricia',1515307635,'Patricia@gmail.com','San Francisco',94109,110 ),
(279,'1965-01-10','Lebihan','Laurence',8795209703,'Laurence@gmail.com','San Francisco',94109,203 ),
(280,'1976-04-14','Henriot','Paul',4605207593,'Paul@gmail.com','Nevada',84407,147 ),
(281,'1971-10-21','Kuger','Armand',2566197776,'Armand@gmail.com','Nevada',84407,126 ),
(282,'1961-05-17','MacKinlay','Wales',7155499441,'Wales@gmail.com','Nevada',84407,112 ),
(283,'1945-07-30','Josephs','Karin',7690131943,'Karin@gmail.com','Nevada',84407,126 ),
(284,'1957-03-03','Yoshido','Juri',2061106240,'Juri@gmail.com','Nevada',84407,118 ),
(285,'1967-02-23','Young','Dorothy',6619925013,'Dorothy@gmail.com','Nevada',84407,192 ),
(286,'1968-01-09','Rodriguez','Lino',7440977481,'Lino@gmail.com','Nevada',84407,120 ),
(287,'1974-09-28','Urs','Braun',7722145715,'Braun@gmail.com','Nevada',84407,176 ),
(288,'1954-03-24','Nelson','Allen',9404115641,'Allen@gmail.com','Nevada',84407,194 ),
(289,'1960-10-19','Cartrain','Pascale',6567026375,'Pascale@gmail.com','Nevada',84407,181 ),
(290,'1975-11-21','Pipps','Georg',2878892188,'Georg@gmail.com','Nevada',84407,180 ),
(291,'1962-11-14','Cruz','Arnold',6203057527,'Arnold@gmail.com','Nevada',84407,158 ),
(292,'1972-08-09','Moroni','Maurizio',3868076308,'Maurizio@gmail.com','Nevada',84407,139 ),
(293,'1974-03-05','Shimamura','Akiko',1216623380,'Akiko@gmail.com','Nevada',84407,144 ),
(294,'1962-06-23','Perrier','Dominique',8051067149,'Dominique@gmail.com','Nevada',84407,182 ),
(295,'1964-11-06','Müller','Rita',3607408958,'Rita@gmail.com','Nevada',84407,113 ),
(296,'1951-05-29','McRoy','Sarah',4362520830,'Sarah@gmail.com','Phoenix',85004,111 ),
(297,'1974-05-13','Donnermeyer','Michael',8956318672,'Michael@gmail.com','Phoenix',85004,166 ),
(298,'1952-09-25','Hernandez','Maria',5733297483,'Maria@gmail.com','Phoenix',85004,142 ),
(299,'1957-06-03','Feuer','Alexander',9798132312,'Alexander@gmail.com','Phoenix',85004,123 ),
(300,'1974-10-02','Lewis','Dan',1340094711,'Dan@gmail.com','Phoenix',85004,137 ),
(301,'1973-12-01','Larsson','Martha',8423401595,'Martha@gmail.com','Phoenix',85004,181 ),
(302,'1974-11-05','Frick','Sue',4385630241,'Sue@gmail.com','Phoenix',85004,113 ),
(303,'1971-08-15','Mendel','Roland',3368099457,'Roland@gmail.com','Phoenix',85004,199 ),
(304,'1966-05-27','Murphy','Leslie',9791159945,'Leslie@gmail.com','Phoenix',85004,111 ),
(305,'1963-12-27','Choi','Yu',8399182397,'Yu@gmail.com','Phoenix',85004,158 ),
(306,'1955-10-06','Sommer','Martín',5972728174,'Martín@gmail.com','Memphis',38103,167 ),
(307,'1962-07-08','Ottlieb','Sven',8257845164,'Sven@gmail.com','Memphis',38103,149 ),
(308,'1961-09-17','Benitez','Violeta',6054221644,'Violeta@gmail.com','Memphis',38103,178 ),
(309,'1960-06-07','Anton','Carmen',5585122365,'Carmen@gmail.com','Memphis',38103,171 ),
(310,'1974-02-11','Clenahan','Sean',2220083079,'Sean@gmail.com','Memphis',38103,191 ),
(311,'1976-06-16','Ricotti','Franco',2905468152,'Franco@gmail.com','Memphis',38103,138 ),
(312,'1976-04-24','Thompson','Steve',8428277982,'Steve@gmail.com','Memphis',38103,144 ),
(313,'1967-07-25','Moos','Hanna',9477002300,'Hanna@gmail.com','Orlando',32804,147 ),
(314,'1975-01-23','Semenov','Alexander',7329088322,'Alexander@gmail.com','Orlando',32804,109 ),
(315,'1965-04-12','Altagar,G M','Raanan',8315762739,'Raanan@gmail.com','Orlando',32804,133 ),
(316,'1973-07-22','Roel','José Pedro',2995627638,'José Pedro@gmail.com','Orlando',32804,128 ),
(317,'1963-06-19','Salazar','Rosa',2964087534,'Rosa@gmail.com','Orlando',32804,178 ),
(318,'1950-01-25','Taylor','Sue',5039772015,'Sue@gmail.com','Orlando',32804,142 ),
(319,'1968-09-18','Smith','Thomas',7094571262,'Thomas@gmail.com','Orlando',32804,200 ),
(320,'1955-04-08','Franco','Valarie',3263073252,'Valarie@gmail.com','Orlando',32804,133 ),
(321,'1971-07-27','Snowden','Tony',3263073253,'Tony@gmail.com','Orlando',32804,118 ),
(322,'1964-10-05','Miguel','Flores',5018247356,'Flores@gmail.com','Bothell',98011,188 ),
(323,'1970-03-28','Stacey','Lawton',6602133761,'Lawton@gmail.com','Bothell',98011,205 ),
(324,'1967-07-22','Tony','Chambers',2285281344,'Chambers@gmail.com','Bothell',98011,172 ),
(325,'1954-05-15','Garry','Miller',2072527013,'Miller@gmail.com','Bothell',98011,143 ),
(326,'1980-08-25','Daniel','Hittle',7454072124,'Hittle@gmail.com','Bothell',98011,191 ),
(327,'1984-10-16','Claude','Jones',3324287972,'Jones@gmail.com','Bothell',98011,122 ),
(328,'1964-06-28','Jack','Clark',1373920147,'Clark@gmail.com','Bothell',98011,152 ),
(329,'1969-10-05','Alvin','Goodwin',9073990295,'Goodwin@gmail.com','Bothell',98011,108 ),
(330,'1975-04-14','Caruthers','Alexander',2684309158,'Alexander@gmail.com','Bothell',98011,199 ),
(331,'1969-09-08','Adolph','Hernandez',4578070977,'Hernandez@gmail.com','Bothell',98011,129 ),
(332,'1975-10-06','Dennis','Dowthitt',4402828465,'Dowthitt@gmail.com','Bothell',98011,159 ),
(333,'1982-08-08','Jason','Massey',4414745072,'Massey@gmail.com','Bothell',98011,111 ),
(334,'1973-06-09','David','Goff',5137902558,'Goff@gmail.com','Bothell',98011,150 ),
(335,'1957-03-19','John','Wheat',1286272794,'Wheat@gmail.com','Bothell',98011,185 ),
(336,'1962-05-18','Miguel','Richardson',6406615810,'Richardson@gmail.com','Bothell',98011,151 ),
(337,'1968-06-16','James','Wilkens',3397211293,'Wilkens@gmail.com','Portland',97205,156 ),
(338,'1972-08-09','Mack','Hill',8922544835,'Hill@gmail.com','Portland',97205,105 ),
(339,'1980-08-08','Jeffery','Doughtie',9233050468,'Doughtie@gmail.com','Portland',97205,177 ),
(340,'1982-09-06','James','Knox',6445239138,'Knox@gmail.com','Portland',97205,130 ),
(341,'1947-11-20','Gerald','Mitchell',8340848492,'Mitchell@gmail.com','Portland',97205,104 ),
(342,'1969-10-11','Jeffery','Tucker',1299532427,'Tucker@gmail.com','Portland',97205,140 ),
(343,'1987-09-15','Emerson','Rudd',3691172641,'Rudd@gmail.com','Portland',97205,193 ),
(344,'1980-02-18','Vincent','Cooks',7005399008,'Cooks@gmail.com','Portland',97205,198 ),
(345,'1982-07-03','Michael','Moore',3343350636,'Moore@gmail.com','Portland',97205,198 ),
(346,'1979-07-20','Jermarr','Arnold',6799556484,'Arnold@gmail.com','Portland',97205,158 ),
(347,'1972-03-05','Windell','Broussard',2190010803,'Broussard@gmail.com','Portland',97205,177 ),
(348,'1980-11-12','Randall','Hafdahl, Sr.',7923851084,'Hafdahl, Sr.@gmail.com','Portland',97205,181 ),
(349,'1972-09-27','Monty','Delk',5385636956,'Delk@gmail.com','Portland',97205,106 ),
(350,'1958-02-01','Gerald','Tigner',3944434521,'Tigner@gmail.com','Seattle',98104,137 ),
(351,'1982-08-11','Jose','Santellan, Sr.',3294613709,'Santellan, Sr.@gmail.com','Seattle',98104,129 ),
(352,'1977-08-11','William','Burns',2146249382,'Burns@gmail.com','Seattle',98104,192 ),
(353,'1958-08-12','Gerald','Casey',9428906642,'Casey@gmail.com','Seattle',98104,104 ),
(354,'1968-09-29','Rodolfo','Hernandez',3452071468,'Hernandez@gmail.com','Seattle',98104,122 ),
(355,'1973-08-10','Reginald','Reeves',3476827743,'Reeves@gmail.com','Seattle',98104,103 ),
(356,'1972-07-04','Ronford','Styron',1324420688,'Styron@gmail.com','Seattle',98104,156 ),
(357,'1955-04-08','Johnny','Martinez',6269671566,'Martinez@gmail.com','Seattle',98104,155 ),
(358,'1970-09-02','Napoleon','Beazley',1570925883,'Beazley@gmail.com','Seattle',98104,194 ),
(359,'1979-09-18','Stanley','Baker, Jr.',6582985042,'Baker, Jr.@gmail.com','Seattle',98104,110 ),
(360,'1970-04-07','Daniel','Reneau',6061983971,'Reneau@gmail.com','Seattle',98104,184 ),
(361,'1962-06-25','Robert','Coulson',8280343545,'Coulson@gmail.com','Seattle',98104,116 ),
(362,'1953-05-21','Jeffrey','Williams',7877226360,'Williams@gmail.com','Seattle',98104,173 ),
(363,'1955-08-02','Richard','Kutzner',7036718251,'Kutzner@gmail.com','Seattle',98104,173 ),
(364,'1980-03-26','T.J.','Jones',1001825370,'Jones@gmail.com','Duluth',55802,140 ),
(365,'1987-04-04','Javier','Medina',4346486547,'Medina@gmail.com','Duluth',55802,176 ),
(366,'1981-04-03','Gary','Etheridge',4338191867,'Etheridge@gmail.com','Duluth',55802,160 ),
(367,'1951-08-28','Toronto','Patterson',2117770811,'Patterson@gmail.com','Duluth',55802,156 ),
(368,'1983-09-24','Tony','Walker',7737006164,'Walker@gmail.com','Duluth',55802,146 ),
(369,'1967-11-02','Jessie','Patrick',4765810032,'Patrick@gmail.com','Duluth',55802,118 ),
(370,'1950-03-01','Ron','Shamburger',4753335729,'Shamburger@gmail.com','Duluth',55802,131 ),
(371,'1940-09-24','Rex','Mays',5355361958,'Mays@gmail.com','Duluth',55802,104 ),
(372,'1963-07-29','Calvin','King',7092651080,'King@gmail.com','Duluth',55802,195 ),
(373,'1963-12-27','James','Powell',3779738907,'Powell@gmail.com','Duluth',55802,163 ),
(374,'1948-09-07','Craig','Ogan',4472268292,'Ogan@gmail.com','Duluth',55802,151 ),
(375,'1950-09-01','William','Chappell',8317768248,'Chappell@gmail.com','Dallas',75201,159 ),
(376,'1945-06-20','Leonard','Rojas',4316762186,'Rojas@gmail.com','Dallas',75201,137 ),
(377,'1973-01-07','James','Collier',7202715252,'Collier@gmail.com','Dallas',75201,200 ),
(378,'1969-01-09','Samuel','Gallamore',9400139632,'Gallamore@gmail.com','Dallas',75201,148 ),
(379,'1944-05-22','John','Baltazar',4751432035,'Baltazar@gmail.com','Dallas',75201,137 ),
(380,'1954-07-07','Robert','Lookingbill',7949099119,'Lookingbill@gmail.com','Dallas',75201,174 ),
(381,'1961-07-29','Alva','Curry',1277454582,'Curry@gmail.com','Dallas',75201,193 ),
(382,'1953-08-12','Richard','Dinkins',2155412645,'Dinkins@gmail.com','Dallas',75201,194 ),
(383,'1961-10-03','Granville','Riddle',8444361500,'Riddle@gmail.com','Dallas',75201,195 ),
(384,'1951-07-12','John','Elliott',5927769026,'Elliott@gmail.com','Dallas',75201,168 ),
(385,'1967-12-27','Henry','Dunn, Jr.',2635479585,'Dunn, Jr.@gmail.com','Dallas',75201,197 ),
(386,'1960-01-01','Richard','Williams',3012922663,'Williams@gmail.com','Dallas',75201,142 ),
(387,'1970-08-09','Bobby','Cook',8488282595,'Cook@gmail.com','San Francisco',94109,108 ),
(388,'1964-07-26','Keith','Clay',8278336602,'Clay@gmail.com','San Francisco',94109,203 ),
(389,'1963-09-16','James','Colburn',6429556265,'Colburn@gmail.com','San Francisco',94109,185 ),
(390,'1958-09-27','John','Chavez',5727131693,'Chavez@gmail.com','San Francisco',94109,184 ),
(391,'1960-03-05','Roger','Vaughn',8249412776,'Vaughn@gmail.com','San Francisco',94109,118 ),
(392,'1953-06-17','Bruce','Jacobs',5791837966,'Jacobs@gmail.com','San Francisco',94109,138 ),
(393,'1967-02-24','Kia','Johnson',8825597792,'Johnson@gmail.com','San Francisco',94109,201 ),
(394,'1972-12-27','Hilton','Crawford',7677550533,'Crawford@gmail.com','San Francisco',94109,111 ),
(395,'1962-03-08','Christopher','Black, Sr.',9334584148,'Black, Sr.@gmail.com','San Francisco',94109,157 ),
(396,'1958-07-04','Cedric','Ransom',8017627085,'Ransom@gmail.com','San Francisco',94109,133 ),
(397,'1955-01-15','Allen','Janecka',3483909007,'Janecka@gmail.com','San Francisco',94109,105 ),
(398,'1949-11-18','Larry','Hayes',1927083912,'Hayes@gmail.com','San Francisco',94109,151 ),
(399,'1974-04-21','Robert','Henry',9428423493,'Henry@gmail.com','San Francisco',94109,171 ),
(400,'1969-08-23','Richard','Duncan',6950135648,'Duncan@gmail.com','San Francisco',94109,111 ),
(401,'1971-11-20','Ivan','Murphy',5945132305,'Murphy@gmail.com','San Francisco',94109,154 ),
(402,'1976-08-05','Ynobe','Matthews',7793344952,'Matthews@gmail.com','Nevada',84407,140 ),
(403,'1966-12-30','Kenneth','Bruce',2004538362,'Bruce@gmail.com','Nevada',84407,122 ),
(404,'1975-04-15','Kevin','Zimmerman',9070047707,'Zimmerman@gmail.com','Nevada',84407,112 ),
(405,'1968-03-11','Billy','Vickers',6938122773,'Vickers@gmail.com','Nevada',84407,102 ),
(406,'1971-10-15','Edward','Lagrone',1265906273,'Lagrone@gmail.com','Nevada',84407,104 ),
(407,'1942-11-17','Bobby','Hopkins',4455678921,'Hopkins@gmail.com','Nevada',84407,109 ),
(408,'1976-11-01','Cameron','Willingham',5333831224,'Willingham@gmail.com','Nevada',84407,188 ),
(409,'1969-06-17','Marcus','Cotton',8516766483,'Cotton@gmail.com','Nevada',84407,181 ),
(410,'1964-01-03','Kelsey','Patterson',4222129549,'Patterson@gmail.com','Nevada',84407,124 ),
(411,'1977-10-17','David','Harris',1019091354,'Harris@gmail.com','Nevada',84407,113 ),
(412,'1966-04-15','Jasen','Busby',8991847178,'Busby@gmail.com','Nevada',84407,159 ),
(413,'1958-02-23','James','Allridge, III',5819463396,'Allridge, III@gmail.com','Nevada',84407,153 ),
(414,'1971-11-11','Andrew','Flores',5161042137,'Flores@gmail.com','Nevada',84407,114 ),
(415,'1960-01-21','Edward','Green',5739461810,'Green@gmail.com','Nevada',84407,137 ),
(416,'1953-10-31','Peter','Miniel',9860038603,'Miniel@gmail.com','Nevada',84407,127 ),
(417,'1946-08-23','Donald','Aldrich',9741298666,'Aldrich@gmail.com','Nevada',84407,135 ),
(418,'1954-12-18','Ricky','Morrow',9769437721,'Morrow@gmail.com','Phoenix',85004,142 ),
(419,'1936-09-26','Dominique','Green',4728456508,'Green@gmail.com','Phoenix',85004,176 ),
(420,'1950-06-16','Lorenzo','Morris',9490451382,'Morris@gmail.com','Phoenix',85004,197 ),
(421,'1947-01-07','Robert','Morrow',2367528490,'Morrow@gmail.com','Phoenix',85004,148 ),
(422,'1971-02-15','Demarco','McCullum',4392275604,'McCullum@gmail.com','Phoenix',85004,129 ),
(423,'1972-05-09','Frederick','McWilliams',1408081932,'McWilliams@gmail.com','Phoenix',85004,203 ),
(424,'1965-07-22','Anthony','Fuentes',6132911148,'Fuentes@gmail.com','Phoenix',85004,129 ),
(425,'1997-08-05','James','Porter',7609710778,'Porter@gmail.com','Phoenix',85004,200 ),
(426,'1993-04-07','Troy','Kunkle',3958486090,'Kunkle@gmail.com','Phoenix',85004,100 ),
(427,'1993-05-10','Dennis','Bagwell',8291009584,'Bagwell@gmail.com','Phoenix',85004,177 ),
(428,'1993-12-24','George','Hopper',8880182304,'Hopper@gmail.com','Memphis',38103,197 ),
(429,'1992-06-20','Douglas','Roberts',9577458490,'Roberts@gmail.com','Memphis',38103,168 ),
(430,'1994-11-05','Lonnie','Pursley',9367040255,'Pursley@gmail.com','Memphis',38103,107 ),
(431,'1998-02-15','Bryan','Wolfe',6034058846,'Wolfe@gmail.com','Memphis',38103,154 ),
(432,'1992-02-06','Richard','Cartwright',7686465774,'Cartwright@gmail.com','Memphis',38103,130 ),
(433,'1997-08-13','Alexander','Martinez',1684944623,'Martinez@gmail.com','Memphis',38103,123 ),
(434,'1997-04-23','David','Martinez',3557911311,'Martinez@gmail.com','Memphis',38103,152 ),
(435,'1993-03-26','Gary','Sterling',8024509923,'Sterling@gmail.com','Orlando',32804,199 ),
(436,'1988-11-30','Robert','Shields',8517665442,'Shields@gmail.com','Orlando',32804,103 ),
(437,'1997-06-26','Francis','Newton',5898958718,'Newton@gmail.com','Orlando',32804,102 ),
(438,'1995-06-10','Ronald','Howard',3807641518,'Howard@gmail.com','Orlando',32804,203 ),
(439,'1993-07-23','Luis','Ramirez',5455165228,'Ramirez@gmail.com','Orlando',32804,164 ),
(440,'1999-03-01','Melvin','White',4898449433,'White@gmail.com','Orlando',32804,176 ),
(441,'1998-12-17','Charles','Thacker',1384228586,'Thacker@gmail.com','Orlando',32804,186 ),
(442,'1993-06-24','Robert','Rowell',5299831105,'Rowell@gmail.com','Orlando',32804,110 ),
(443,'1996-08-15','Shannon','Thomas',9817576793,'Thomas@gmail.com','Orlando',32804,133 ),
(444,'1992-06-09','Marion','Dudley',7033619099,'Dudley@gmail.com','San Diego',91217,188 ),
(445,'1997-02-04','Jaime','Elizalde, Jr.',3579267177,'Elizalde, Jr.@gmail.com','San Diego',91217,196 ),
(446,'1994-05-10','Robert','Neville, Jr.',6536534129,'Neville, Jr.@gmail.com','San Diego',91217,195 ),
(447,'1997-04-21','Clyde','Smith, Jr.',4460982524,'Smith, Jr.@gmail.com','San Diego',91217,163 ),
(448,'1997-06-26','Tommie','Hughes',9169544476,'Hughes@gmail.com','San Diego',91217,176 ),
(449,'1991-07-12','Robert','Salazar, Jr.',1054436428,'Salazar, Jr.@gmail.com','San Diego',91217,146 ),
(450,'1990-06-11','Kevin','Kincy',5591226039,'Kincy@gmail.com','San Diego',91217,130 ),
(451,'1993-08-31','Jackie','Wilson',3231932578,'Wilson@gmail.com','San Diego',91217,124 ),
(452,'1992-07-19','Jermaine','Herron',7601253743,'Herron@gmail.com','San Diego',91217,113 ),
(453,'1998-09-13','Jesus','Aguilar',5646179426,'Aguilar@gmail.com','San Diego',91217,174 ),
(454,'1995-01-15','Timothy','Titsworth',3567221769,'Titsworth@gmail.com','San Diego',91217,139 ),
(455,'2003-04-29','Lamont','Reese',8934240655,'Reese@gmail.com','San Diego',91217,170 ),
(456,'1997-04-08','Angel','Resendiz',7048975539,'Resendiz@gmail.com','San Diego',91217,128 ),
(457,'1999-03-04','Derrick',"O'Brien",5948914204,"O'Brien@gmail.com",'San Diego',91217,198 ),
(458,'1982-02-02','Mauriceo','Brown',1992647741,'Brown@gmail.com','San Diego',91217,106 ),
(459,'1994-04-17','Robert','Anderson',9489818754,'Anderson@gmail.com','Newark',94019,146 ),
(460,'1980-10-13','William','Wyatt, Jr.',1678483694,'Wyatt, Jr.@gmail.com','Newark',94019,130 ),
(461,'1997-08-20','Richard','Hinojosa',4795136291,'Hinojosa@gmail.com','Newark',94019,117 ),
(462,'1997-03-11','Justin','Fuller',8912780111,'Fuller@gmail.com','Newark',94019,113 ),
(463,'1994-05-04','Derrick','Frazier',5733663882,'Frazier@gmail.com','Newark',94019,148 ),
(464,'1993-06-07','Farley','Matchett',4528960629,'Matchett@gmail.com','Newark',94019,181 ),
(465,'1994-11-27','Gregory','Summers',9797117224,'Summers@gmail.com','Newark',94019,182 ),
(466,'1988-08-20','Donell','Jackson',7200457111,'Jackson@gmail.com','Newark',94019,148 ),
(467,'1994-10-10','Willie','Shannon',4470414003,'Shannon@gmail.com','Newark',94019,157 ),
(468,'1990-09-05','Carlos','Granados',6990748926,'Granados@gmail.com','Newark',94019,162 ),
(469,'1998-03-12','Jonathan','Moore',4086024243,'Moore@gmail.com','Newark',94019,124 ),
(470,'1991-08-27','Christopher','Swift',5197667108,'Swift@gmail.com','Newark',94019,132 ),
(471,'1990-08-15','James','Jackson',5701973960,'Jackson@gmail.com','Newark',94019,175 ),
(472,'1998-01-21','Newton','Anderson',9918703554,'Anderson@gmail.com','Newark',94019,161 ),
(473,'1998-05-17','Donald','Miller',3539199100,'Miller@gmail.com','Newark',94019,102 ),
(474,'1994-07-21','Robert','Perez',6447222396,'Perez@gmail.com','Newark',94019,135 ),
(475,'1994-01-04','Joseph','Nichols',1232742172,'Nichols@gmail.com','Hatfield',28312,164 ),
(476,'1998-06-08','Charles','Nealy',7949000679,'Nealy@gmail.com','Hatfield',28312,105 ),
(477,'1999-05-18','Vincent','Gutierrez',9253219826,'Gutierrez@gmail.com','Hatfield',28312,195 ),
(478,'1986-08-18','Roy','Pippin',1799680499,'Pippin@gmail.com','Hatfield',28312,103 ),
(479,'1991-08-02','James','Clark',9177121756,'Clark@gmail.com','Hatfield',28312,155 ),
(480,'1998-08-08','Ryan','Dickson',4586057733,'Dickson@gmail.com','Hatfield',28312,102 ),
(481,'1991-09-16','Charles','Smith',7462143466,'Smith@gmail.com','Hatfield',28312,147 ),
(482,'1995-08-28','Michael','Griffith',6217663305,'Griffith@gmail.com','Hatfield',28312,174 ),
(483,'1993-06-24','Lionell','Rodriguez',1392874458,'Rodriguez@gmail.com','Hatfield',28312,157 ),
(484,'2001-03-24','Gilberto','Reyes',4865395198,'Reyes@gmail.com','Hatfield',28312,186 ),
(485,'1994-04-04','Patrick','Knight',9713353710,'Knight@gmail.com','Hatfield',28312,104 ),
(486,'2000-12-24','Lonnie','Johnson',8050676966,'Johnson@gmail.com','Hatfield',28312,115 ),
(487,'1998-02-10','Kenneth','Parr',1964883538,'Parr@gmail.com','Hatfield',28312,197 ),
(488,'1984-04-30','Johnny','Conner',8580209018,'Conner@gmail.com','Hatfield',28312,192 ),
(489,'2002-03-01','Daroyce','Mosley',3743317714,'Mosley@gmail.com','Hatfield',28312,131 ),
(490,'1999-02-22','John','Amador',9268804964,'Amador@gmail.com','Hatfield',28312,194 ),
(491,'1995-03-23','Tony','Roach',7719248357,'Roach@gmail.com','Hatfield',28312,150 ),
(492,'1997-03-21','Clifford','Kimmel',2782611914,'Kimmel@gmail.com','Hatfield',28312,121 ),
(493,'1993-04-02','Michael','Richard',8391917571,'Richard@gmail.com','Hatfield',28312,132 ),
(494,'1994-06-15','Karl','Chamberlain',2781983844,'Chamberlain@gmail.com','Hatfield',28312,159 ),
(495,'1998-11-18','Carlton','Turner',1180622728,'Turner@gmail.com','Hatfield',28312,136 ),
(496,'1999-05-07','Derrick','Sonnier',6436151749,'Sonnier@gmail.com','Hatfield',28312,142 ),
(497,'1995-11-30','Larry','Davis',7308960827,'Davis@gmail.com','Hatfield',28312,117 ),
(498,'1994-01-21','Jose','Medellin',2341322641,'Medellin@gmail.com','Hatfield',28312,171 ),
(499,'2000-12-04','Heliberto','Chi',4121000629,'Chi@gmail.com','Hatfield',28312,179 ),
(500,'1996-10-01','Leon','Dorsey',1282193603,'Dorsey@gmail.com','Hatfield',28312,154 ),
(501,'1997-08-18','Michael','Rodriguez',5323074556,'Rodriguez@gmail.com','Hatfield',28312,133 ),
(502,'1994-07-11','William','Murray',7377302059,'Murray@gmail.com','Hatfield',28312,108 ),
(503,'1996-12-24','Alvin','Kelly',8443335669,'Kelly@gmail.com','Hatfield',28312,145 ),
(504,'1995-03-27','Kevin','Watts',9575182055,'Watts@gmail.com','Hatfield',28312,108 ),
(505,'1993-10-29','Joseph','Ries',5833706662,'Ries@gmail.com','Hatfield',28312,201 ),
(506,'1991-05-01','Eric','Nenno',1872398859,'Nenno@gmail.com','Hatfield',28312,116 ),
(507,'2000-09-21','Gregory','Wright',6066423864,'Wright@gmail.com','Hatfield',28312,206 ),
(508,'1997-10-11','Elkie','Taylor',6496234124,'Taylor@gmail.com','Hatfield',28312,115 ),
(509,'1997-06-04','George','Whitaker, III',3571298016,'Whitaker, III@gmail.com','Hatfield',28312,100 ),
(510,'1999-01-21','Denard','Manns',9610108404,'Manns@gmail.com','Hatfield',28312,196 ),
(511,'1986-02-01','Robert','Hudson',7624265932,'Hudson@gmail.com','Hatfield',28312,150 ),
(512,'2001-08-26','Curtis','Moore',5417273263,'Moore@gmail.com','Hatfield',28312,107 ),
(513,'1991-10-19','Frank','Moore',8779169018,'Moore@gmail.com','Hatfield',28312,162 ),
(514,'1995-12-14','Reginald','Perkins',9380300134,'Perkins@gmail.com','Hatfield',28312,117 ),
(515,'2000-04-13','Virgil','Martinez',3046376186,'Martinez@gmail.com','Hatfield',28312,201 ),
(516,'1998-03-17','Ricardo','Ortiz',8149452962,'Ortiz@gmail.com','Hatfield',28312,102 ),
(517,'1999-06-07','David','Martinez',3729997042,'Martinez@gmail.com','Boston',51003,150 ),
(518,'2000-01-26','Dale','Scheanette',8292083655,'Scheanette@gmail.com','Boston',51003,179 ),
(519,'1996-12-05','Johnny','Johnson',4115049456,'Johnson@gmail.com','Boston',51003,179 ),
(520,'1997-04-30','Willie','Pondexter',3452442143,'Pondexter@gmail.com','Boston',51003,147 ),
(521,'1997-02-15','Kenneth','Morris',9227054597,'Morris@gmail.com','Boston',51003,154 ),
(522,'1986-04-30','James','Martinez',3011727411,'Martinez@gmail.com','Boston',51003,107 ),
(523,'2000-08-22','Luis','Salazar',6426748703,'Salazar@gmail.com','Boston',51003,138 ),
(524,'2000-10-11','Michael','Rosales',3121470706,'Rosales@gmail.com','Boston',51003,151 ),
(525,'1998-01-02','Derrick','Johnson',3126961354,'Johnson@gmail.com','Boston',51003,145 ),
(526,'2000-03-10','Michael','Riley',7455881877,'Riley@gmail.com','Boston',51003,188 ),
(527,'1998-01-18','Terry','Hankins',2030605852,'Hankins@gmail.com','Boston',51003,144 ),
(528,'1998-09-08','Stephen','Moody',3858044060,'Moody@gmail.com','Boston',51003,107 ),
(529,'1998-09-08','Christopher','Coleman',7326440549,'Coleman@gmail.com','Boston',51003,159 ),
(530,'1993-10-10','Reginald','Blanton',7045291025,'Blanton@gmail.com','Boston',51003,174 ),
(531,'1991-08-05','Khristian','Oliver',8134975058,'Oliver@gmail.com','Boston',51003,154 ),
(532,'1993-04-13','Yosvanis','Valle',4510619279,'Valle@gmail.com','Boston',51003,142 ),
(533,'1978-05-18','Danielle','Simpson',4615841033,'Simpson@gmail.com','Boston',51003,184 ),
(534,'2001-10-24','Robert','Thompson',3811874690,'Thompson@gmail.com','Boston',51003,143 ),
(535,'1988-09-11','Bobby','Woods',8192291293,'Woods@gmail.com','Boston',51003,114 ),
(536,'1993-06-24','Kenneth','Mosley',7798024560,'Mosley@gmail.com','Boston',51003,150 ),
(537,'1996-09-03','Gary','Johnson',9461225276,'Johnson@gmail.com','Boston',51003,206 ),
(538,'1998-02-15','Michael','Sigala',6552206917,'Sigala@gmail.com','Boston',51003,125 ),
(539,'2002-02-20','Joshua','Maxwell',7839318716,'Maxwell@gmail.com','Boston',51003,162 ),
(540,'2001-07-12','Franklin','Alix',5893361930,'Alix@gmail.com','Boston',51003,177 ),
(541,'1988-12-29','William','Berkley',9827271169,'Berkley@gmail.com','Boston',51003,187 ),
(542,'1999-04-01','Samuel','Bustamante',4248008491,'Bustamante@gmail.com','Boston',51003,191 ),
(543,'1998-12-15','Kevin','Varga',4629366732,'Varga@gmail.com','Boston',51003,124 ),
(544,'1994-05-21','Billy','Galloway',8877152752,'Galloway@gmail.com','Boston',51003,196 ),
(545,'2001-10-04','Rogelio','Cannady',5375532913,'Cannady@gmail.com','Boston',51003,183 ),
(546,'2002-11-12','John','Alba',4644077004,'Alba@gmail.com','Boston',51003,166 ),
(547,'2001-05-02','George','Jones',4139837577,'Jones@gmail.com','Boston',51003,126 ),
(548,'1998-06-07','David','Powell',6041330456,'Powell@gmail.com','Boston',51003,146 ),
(549,'2001-03-29','Michael','Perry',6503672152,'Perry@gmail.com','Boston',51003,178 ),
(550,'1999-06-30','Derrick','Jackson',3845105982,'Jackson@gmail.com','Boston',51003,133 ),
(551,'1994-02-19','Peter','Cantu',9230349475,'Cantu@gmail.com','Boston',51003,166 ),
(552,'2000-12-24','Larry','Wooten',1668023001,'Wooten@gmail.com','Boston',51003,117 ),
(553,'2001-09-25','Michael','Hall',6829426196,'Hall@gmail.com','Boston',51003,179 ),
(554,'2001-04-11','Timothy','Adams',5562517034,'Adams@gmail.com','Boston',51003,169 ),
(555,'2002-09-02','Cary','Kerr',2201786140,'Kerr@gmail.com','Boston',51003,103 ),
(556,'1998-03-26','Gayland','Bradford',5491758799,'Bradford@gmail.com','Boston',51003,190 ),
(557,'1992-11-10','Lee','Taylor',8817101223,'Taylor@gmail.com','Boston',51003,156 ),
(558,'2000-03-20','Milton','Mathis',4949817461,'Mathis@gmail.com','Boston',51003,106 ),
(559,'2002-02-14','Humberto','Leal',2059889200,'Leal@gmail.com','Boston',51003,148 ),
(560,'2000-06-21','Mark','Stroman',8303393104,'Stroman@gmail.com','Boston',51003,138 ),
(561,'1991-10-20','Martin','Robles',6668317790,'Robles@gmail.com','Boston',51003,112 ),
(562,'2003-10-15','Steven','Woods',5729652958,'Woods@gmail.com','Boston',51003,163 ),
(563,'2002-12-27','Lawrence','Brewer',1052628724,'Brewer@gmail.com','Boston',51003,142 ),
(564,'2001-03-31','Frank','Garcia',9477443213,'Garcia@gmail.com','Boston',51003,178 ),
(565,'1988-09-26','Guadalupe','Esparza',4334609612,'Esparza@gmail.com','Boston',51003,131 ),
(566,'1994-08-19','Rodrigo','Hernandez',4044321038,'Hernandez@gmail.com','Boston',51003,162 ),
(567,'1990-09-17','George','Rivas',9372081099,'Rivas@gmail.com','Boston',51003,146 ),
(568,'2001-04-14','Keith','Thurmond',2105889413,'Thurmond@gmail.com','Boston',51003,132 ),
(569,'2002-09-02','Jesse','Hernandez',4920065131,'Hernandez@gmail.com','Boston',51003,172 ),
(570,'2003-01-11','Beunka','Adams',8043848148,'Adams@gmail.com','Boston',51003,188 ),
(571,'1999-05-19','Yokamon','Hearn',7576652026,'Hearn@gmail.com','Boston',51003,106 ),
(572,'1998-02-06','Marvin','Wilson',1058632351,'Wilson@gmail.com','Boston',51003,152 ),
(573,'1997-07-21','Robert','Harris',4702030763,'Harris@gmail.com','Boston',51003,143 ),
(574,'2002-11-24','Cleve','Foster',4787124957,'Foster@gmail.com','Boston',51003,134 ),
(575,'2001-01-31','Jonathan','Green',6494008009,'Green@gmail.com','Boston',51003,192 ),
(576,'1998-08-25','Bobby','Hines',9368128785,'Hines@gmail.com','Boston',51003,168 ),
(577,'2002-09-05','Donnie','Roberts, Jr.',5181753060,'Roberts, Jr.@gmail.com','Boston',51003,161 ),
(578,'1999-04-03','Mario','Swain',2226376147,'Swain@gmail.com','Boston',51003,122 ),
(579,'1998-05-09','Ramon','Hernandez',7537489092,'Hernandez@gmail.com','Boston',51003,169 ),
(580,'1991-11-13','Preston','Hughes',8394792146,'Hughes@gmail.com','Boston',51003,166 ),
(581,'2007-09-24','Carl','Blue',5747803571,'Blue@gmail.com','Boston',51003,107 ),
(582,'1994-01-31','Ricky','Lewis',4173066103,'Lewis@gmail.com','Boston',51003,118 ),
(583,'1998-08-25','Ronnie','Threadgill',3920228265,'Threadgill@gmail.com','Boston',51003,155 ),
(584,'1998-11-29','Richard','Cobb',2512766625,'Cobb@gmail.com','San Jose',94217,142 ),
(585,'2003-01-16','Carroll','Parr',6575067992,'Parr@gmail.com','San Jose',94217,202 ),
(586,'1999-12-31','Jeffrey','Williams',3881136674,'Williams@gmail.com','San Jose',94217,153 ),
(587,'1997-10-15','Elroy','Chester',7188960847,'Chester@gmail.com','San Jose',94217,204 ),
(588,'2001-01-22','Kimberly','McCarthy',8074686418,'McCarthy@gmail.com','San Jose',94217,118 ),
(589,'1993-05-03','John','Quintanilla',3135053637,'Quintanilla@gmail.com','San Jose',94217,175 ),
(590,'2004-07-26','Vaughn','Ross',1761278272,'Ross@gmail.com','San Jose',94217,114 ),
(591,'2000-09-17','Douglas','Feldman',1806071291,'Feldman@gmail.com','San Jose',94217,192 ),
(592,'1993-09-11','Robert','Garza',7234439844,'Garza@gmail.com','San Jose',94217,187 ),
(593,'1996-09-25','Arturo','Diaz',1082605743,'Diaz@gmail.com','San Jose',94217,147 ),
(594,'2000-12-24','Michael','Yowell',3691397084,'Yowell@gmail.com','San Jose',94217,139 ),
(595,'1998-03-19','Jamie','McCoskey',1646270134,'McCoskey@gmail.com','San Jose',94217,146 ),
(596,'2002-10-06','Jerry','Martin',8328956375,'Martin@gmail.com','San Jose',94217,191 ),
(597,'2001-02-02','Edgar','Tamayo',2436292453,'Tamayo@gmail.com','San Jose',94217,111 ),
(598,'2002-07-02','Suzanne','Basso',8306109574,'Basso@gmail.com','San Jose',94217,107 ),
(599,'1983-10-08','Ray','Jasper',3300333670,'Jasper@gmail.com','San Jose',94217,160 );


alter table insurance.payment
modify column Payment_date year;

insert into payment(
Billing_id,Bank_account_no,Payment_date,Amount,Customer_id)
values
(7003,40951131,2018,1500,200  ),
 (3411,40951131,2019,1500,200  ),
 (7772,40951131,2020,1500,200  ),
 (3683,40951131,2021,1500,200  ),
 (3365,40951131,2022,1500,200  ),
 (9243,45784500,2018,2000,201  ),
 (2551,45784500,2019,2000,201  ),
 (9334,45784500,2020,2000,201  ),
 (2952,45784500,2021,2000,201  ),
 (7724,45784500,2022,2000,201  ),
 (5813,61535900,2018,3500,202  ),
 (7193,61535900,2019,3500,202  ),
 (6618,61535900,2020,3500,202  ),
 (9204,61535900,2021,3500,202  ),
 (8365,61535900,2022,3500,202  ),
 (2544,61062342,2018,1500,203  ),
 (8078,61062342,2019,1500,203  ),
 (5706,61062342,2020,1500,203  ),
 (2665,61062342,2021,1500,203  ),
 (2798,61062342,2022,1500,203  ),
 (6757,46522708,2019,5000,204  ),
 (4010,46522708,2020,5000,204  ),
 (6670,46522708,2021,5000,204  ),
 (4640,46522708,2022,5000,204  ),
 (5626,11998785,2019,1500,205  ),
 (4253,11998785,2020,1500,205  ),
 (5632,11998785,2021,1500,205  ),
 (8988,11998785,2022,1500,205  ),
 (8850,80615192,2019,2000,206  ),
 (2020,80615192,2020,2000,206  ),
 (3448,80615192,2021,2000,206  ),
 (9319,80615192,2022,2000,206  ),
 (4347,95622753,2019,3500,207  ),
 (2040,95622753,2020,3500,207  ),
 (9111,95622753,2021,3500,207  ),
 (6462,95622753,2022,3500,207  ),
 (5056,14674200,2019,4500,208  ),
 (2036,14674200,2020,4500,208  ),
 (4900,14674200,2021,4500,208  ),
 (3278,14674200,2022,4500,208  ),
 (8031,41697250,2019,2000,209  ),
 (5770,41697250,2020,2000,209  ),
 (6136,41697250,2021,2000,209  ),
 (6131,41697250,2022,2000,209  ),
 (4854,13817399,2020,1500,210  ),
 (9081,13817399,2021,1500,210  ),
 (6852,13817399,2022,1500,210  ),
 (6717,89947227,2020,2000,211  ),
 (7980,89947227,2021,2000,211  ),
 (9703,89947227,2022,2000,211  ),
 (3696,25664394,2020,3500,212  ),
 (8645,25664394,2021,3500,212  ),
 (6144,25664394,2022,3500,212  ),
 (2754,42835021,2020,1500,213  ),
 (7639,42835021,2021,1500,213  ),
 (3024,42835021,2022,1500,213  ),
 (2340,91455797,2021,2000,214  ),
 (7143,91455797,2022,2000,214  ),
 (4924,27792583,2021,1500,215  ),
 (9710,27792583,2022,1500,215  ),
 (5726,19898423,2021,2000,216  ),
 (6324,19898423,2022,2000,216  ),
 (5650,56721754,2021,3500,217  ),
 (6581,56721754,2022,3500,217  ),
 (9881,71702696,2021,1500,218  ),
 (6587,71702696,2022,1500,218  ),
 (9813,95757736,2021,2000,219  ),
 (3025,95757736,2022,2000,219  ),
 (2964,30959252,2021,1500,220  ),
 (8994,30959252,2022,1500,220  ),
 (8079,68441165,2021,2000,221  ),
 (4390,68441165,2022,2000,221  ),
 (6160,84375912,2021,3500,222  ),
 (9771,84375912,2022,3500,222  ),
 (2723,69497340,2022,4500,223  ),
 (9242,52844402,2022,2000,224  ),
 (4256,51362935,2018,1500,225  ),
 (9737,51362935,2019,1500,225  ),
 (6098,51362935,2020,1500,225  ),
 (4665,51362935,2021,1500,225  ),
 (4184,51362935,2022,1500,225  ),
 (7205,62574734,2018,2000,226  ),
 (7068,62574734,2019,2000,226  ),
 (5535,62574734,2020,2000,226  ),
 (4651,62574734,2021,2000,226  ),
 (2274,62574734,2022,2000,226  ),
 (2192,61916640,2018,3500,227  ),
 (6425,61916640,2019,3500,227  ),
 (5340,61916640,2020,3500,227  ),
 (6273,61916640,2021,3500,227  ),
 (4609,61916640,2022,3500,227  ),
 (6092,45099067,2018,4500,228  ),
 (5332,45099067,2019,4500,228  ),
 (4466,45099067,2020,4500,228  ),
 (6691,45099067,2021,4500,228  ),
 (8569,45099067,2022,4500,228  ),
 (2352,37886113,2018,2000,229  ),
 (8580,37886113,2019,2000,229  ),
 (3826,37886113,2020,2000,229  ),
 (9512,37886113,2021,2000,229  ),
 (8298,37886113,2022,2000,229  ),
 (9506,64982850,2018,1500,230  ),
 (6985,64982850,2019,1500,230  ),
 (2467,64982850,2020,1500,230  ),
 (6869,64982850,2021,1500,230  ),
 (3356,64982850,2022,1500,230  ),
 (2772,66119426,2018,2000,231  ),
 (3242,66119426,2019,2000,231  ),
 (6723,66119426,2020,2000,231  ),
 (8266,66119426,2021,2000,231  ),
 (8441,66119426,2022,2000,231  ),
 (9456,90804394,2019,3500,232  ),
 (7165,90804394,2020,3500,232  ),
 (8089,90804394,2021,3500,232  ),
 (2582,90804394,2022,3500,232  ),
 (5662,73201689,2019,1500,233  ),
 (8117,73201689,2020,1500,233  ),
 (9126,73201689,2021,1500,233  ),
 (5847,73201689,2022,1500,233  ),
 (7747,96985701,2019,5000,234  ),
 (6163,96985701,2020,5000,234  ),
 (3966,96985701,2021,5000,234  ),
 (7056,96985701,2022,5000,234  ),
 (2111,20939247,2020,1500,235  ),
 (9711,20939247,2021,1500,235  ),
 (5787,20939247,2022,1500,235  ),
 (2478,47032972,2020,2000,236  ),
 (3008,47032972,2021,2000,236  ),
 (7218,47032972,2022,2000,236  ),
 (2530,89843146,2020,3500,237  ),
 (5465,89843146,2021,3500,237  ),
 (8083,89843146,2022,3500,237  ),
 (4995,69047996,2020,1500,238  ),
 (3318,69047996,2021,1500,238  ),
 (9225,69047996,2022,1500,238  ),
 (6528,18131931,2020,2000,239  ),
 (5735,18131931,2021,2000,239  ),
 (4480,18131931,2022,2000,239  ),
 (8965,60106609,2020,1500,240  ),
 (5013,60106609,2021,1500,240  ),
 (7985,60106609,2022,1500,240  ),
 (6891,68115858,2020,2000,241  ),
 (9838,68115858,2021,2000,241  ),
 (5156,68115858,2022,2000,241  ),
 (4281,57374722,2020,3500,242  ),
 (8887,57374722,2021,3500,242  ),
 (8972,57374722,2022,3500,242  ),
 (9956,35268884,2021,1500,243  ),
 (8996,35268884,2022,1500,243  ),
 (6768,58754461,2021,5000,244  ),
 (8783,58754461,2022,5000,244  ),
 (6742,28577251,2021,1500,245  ),
 (3378,28577251,2022,1500,245  ),
 (7311,98307379,2021,2000,246  ),
 (5287,98307379,2022,2000,246  ),
 (9635,89601993,2021,3500,247  ),
 (2024,89601993,2022,3500,247  ),
 (4729,83102111,2021,4500,248  ),
 (6876,83102111,2022,4500,248  ),
 (3116,23478823,2021,2000,249  ),
 (4230,23478823,2022,2000,249  ),
 (6605,78200173,2018,1500,250  ),
 (4754,78200173,2019,1500,250  ),
 (9156,78200173,2020,1500,250  ),
 (4419,78200173,2021,1500,250  ),
 (7695,78200173,2022,1500,250  ),
 (7666,11774285,2018,2000,251  ),
 (6001,11774285,2019,2000,251  ),
 (8534,11774285,2020,2000,251  ),
 (5261,11774285,2021,2000,251  ),
 (2263,11774285,2022,2000,251  ),
 (4550,80756072,2018,3500,252  ),
 (7654,80756072,2019,3500,252  ),
 (8294,80756072,2020,3500,252  ),
 (5098,80756072,2021,3500,252  ),
 (3133,80756072,2022,3500,252  ),
 (5231,38877814,2018,1500,253  ),
 (2609,38877814,2019,1500,253  ),
 (4517,38877814,2020,1500,253  ),
 (2953,38877814,2021,1500,253  ),
 (6787,38877814,2022,1500,253  ),
 (5736,31283291,2018,1500,254  ),
 (6580,31283291,2019,1500,254  ),
 (5000,31283291,2020,1500,254  ),
 (2248,31283291,2021,1500,254  ),
 (6547,31283291,2022,1500,254  ),
 (5880,84833563,2018,1500,255  ),
 (8978,84833563,2019,1500,255  ),
 (9413,84833563,2020,1500,255  ),
 (8662,84833563,2021,1500,255  ),
 (5504,84833563,2022,1500,255  ),
 (7389,95337846,2019,2000,256  ),
 (8560,95337846,2020,2000,256  ),
 (5863,95337846,2021,2000,256  ),
 (4733,95337846,2022,2000,256  ),
 (7663,46536248,2019,3500,257  ),
 (6397,46536248,2020,3500,257  ),
 (5165,46536248,2021,3500,257  ),
 (2182,46536248,2022,3500,257  ),
 (3078,50008768,2019,4500,258  ),
 (5433,50008768,2020,4500,258  ),
 (2449,50008768,2021,4500,258  ),
 (6688,50008768,2022,4500,258  ),
 (4816,51355003,2019,5000,259  ),
 (8983,51355003,2020,5000,259  ),
 (3852,51355003,2021,5000,259  ),
 (7828,51355003,2022,5000,259  ),
 (6120,79402030,2020,1500,260  ),
 (4362,79402030,2021,1500,260  ),
 (7589,79402030,2022,1500,260  ),
 (8719,12749839,2020,2000,261  ),
 (7845,12749839,2021,2000,261  ),
 (8411,12749839,2022,2000,261  ),
 (4402,74668497,2020,3500,262  ),
 (9855,74668497,2021,3500,262  ),
 (9058,74668497,2022,3500,262  ),
 (4323,90424810,2020,1500,263  ),
 (7713,90424810,2021,1500,263  ),
 (4994,90424810,2022,1500,263  ),
 (9860,87302816,2021,2000,264  ),
 (7561,87302816,2022,2000,264  ),
 (2940,25218256,2021,1500,265  ),
 (9987,25218256,2022,1500,265  ),
 (2983,15605143,2021,2000,266  ),
 (4556,15605143,2022,2000,266  ),
 (4820,69919832,2021,3500,267  ),
 (5759,69919832,2022,3500,267  ),
 (9375,39741675,2022,1500,268  ),
 (6651,58007667,2022,5000,269  ),
 (4322,66661751,2022,1500,270  ),
 (3124,62436303,2022,2000,271  ),
 (2200,72663419,2022,3500,272  ),
 (2083,84809438,2022,1500,273  ),
 (6429,43077547,2022,5000,274  ),
 (2272,92899996,2020,1500,275  ),
 (7059,92899996,2021,1500,275  ),
 (7266,92899996,2022,1500,275  ),
 (6179,17710813,2020,2000,276  ),
 (7001,17710813,2021,2000,276  ),
 (4848,17710813,2022,2000,276  ),
 (3645,93407258,2020,3500,277  ),
 (2658,93407258,2021,3500,277  ),
 (5811,93407258,2022,3500,277  ),
 (5850,96550572,2020,1500,278  ),
 (8985,96550572,2021,1500,278  ),
 (8021,96550572,2022,1500,278  ),
 (7528,75061542,2020,5000,279  ),
 (8597,75061542,2021,5000,279  ),
 (7777,75061542,2022,5000,279  ),
 (8782,76200853,2020,1500,280  ),
 (7203,76200853,2021,1500,280  ),
 (8669,76200853,2022,1500,280  ),
 (4763,18689743,2020,2000,281  ),
 (3743,18689743,2021,2000,281  ),
 (6506,18689743,2022,2000,281  ),
 (3500,49368493,2020,3500,282  ),
 (6426,49368493,2021,3500,282  ),
 (4105,49368493,2022,3500,282  ),
 (9940,61261884,2020,1500,283  ),
 (9462,61261884,2021,1500,283  ),
 (4137,61261884,2022,1500,283  ),
 (4126,23972833,2020,5000,284  ),
 (8967,23972833,2021,5000,284  ),
 (7665,23972833,2022,5000,284  ),
 (9522,42551879,2020,1500,285  ),
 (9139,42551879,2021,1500,285  ),
 (6855,42551879,2022,1500,285  ),
 (2552,79246943,2020,2000,286  ),
 (9565,79246943,2021,2000,286  ),
 (4989,79246943,2022,2000,286  ),
 (4138,27533700,2020,3500,287  ),
 (3355,27533700,2021,3500,287  ),
 (9418,27533700,2022,3500,287  ),
 (9514,88835879,2020,1500,288  ),
 (5447,88835879,2021,1500,288  ),
 (7627,88835879,2022,1500,288  ),
 (4442,19089887,2021,5000,289  ),
 (5796,19089887,2022,5000,289  ),
 (7595,10218605,2021,1500,290  ),
 (5319,10218605,2022,1500,290  ),
 (9363,65563297,2021,2000,291  ),
 (6615,65563297,2022,2000,291  ),
 (9844,65045905,2021,3500,292  ),
 (8839,65045905,2022,3500,292  ),
 (9781,44441128,2021,4500,293  ),
 (5463,44441128,2022,4500,293  ),
 (7720,90473748,2021,2000,294  ),
 (8816,90473748,2022,2000,294  ),
 (3853,85386308,2021,1500,295  ),
 (7643,85386308,2022,1500,295  ),
 (3361,29219331,2021,2000,296  ),
 (4516,29219331,2022,2000,296  ),
 (5295,48980541,2021,3500,297  ),
 (7257,48980541,2022,3500,297  ),
 (6432,98755228,2022,4500,298  ),
 (6209,93979760,2022,2000,299  ),
 (8423,19210425,2018,1500,300  ),
 (9587,19210425,2019,1500,300  ),
 (9847,19210425,2020,1500,300  ),
 (4493,19210425,2021,1500,300  ),
 (8058,19210425,2022,1500,300  ),
 (7624,97255490,2018,2000,301  ),
 (3751,97255490,2019,2000,301  ),
 (5613,97255490,2020,2000,301  ),
 (6689,97255490,2021,2000,301  ),
 (9718,97255490,2022,2000,301  ),
 (5373,51321317,2018,3500,302  ),
 (4120,51321317,2019,3500,302  ),
 (7287,51321317,2020,3500,302  ),
 (9915,51321317,2021,3500,302  ),
 (2230,51321317,2022,3500,302  ),
 (6353,65775697,2018,4500,303  ),
 (4303,65775697,2019,4500,303  ),
 (9699,65775697,2020,4500,303  ),
 (8386,65775697,2021,4500,303  ),
 (8968,65775697,2022,4500,303  ),
 (3422,86518926,2018,2000,304  ),
 (5876,86518926,2019,2000,304  ),
 (7147,86518926,2020,2000,304  ),
 (4178,86518926,2021,2000,304  ),
 (6590,86518926,2022,2000,304  ),
 (5407,40458788,2018,1500,305  ),
 (5651,40458788,2019,1500,305  ),
 (5571,40458788,2020,1500,305  ),
 (7890,40458788,2021,1500,305  ),
 (5022,40458788,2022,1500,305  ),
 (5201,69878144,2018,2000,306  ),
 (2600,69878144,2019,2000,306  ),
 (7658,69878144,2020,2000,306  ),
 (7487,69878144,2021,2000,306  ),
 (8175,69878144,2022,2000,306  ),
 (7800,80246921,2019,3500,307  ),
 (6840,80246921,2020,3500,307  ),
 (9066,80246921,2021,3500,307  ),
 (2358,80246921,2022,3500,307  ),
 (5159,65708267,2019,4500,308  ),
 (3026,65708267,2020,4500,308  ),
 (3520,65708267,2021,4500,308  ),
 (8167,65708267,2022,4500,308  ),
 (5524,70708264,2019,2000,309  ),
 (3106,70708264,2020,2000,309  ),
 (4063,70708264,2021,2000,309  ),
 (6137,70708264,2022,2000,309  ),
 (5178,85184066,2020,1500,310  ),
 (5815,85184066,2021,1500,310  ),
 (2403,85184066,2022,1500,310  ),
 (5007,51194492,2020,2000,311  ),
 (3061,51194492,2021,2000,311  ),
 (2438,51194492,2022,2000,311  ),
 (6279,77793739,2020,3500,312  ),
 (9055,77793739,2021,3500,312  ),
 (5799,77793739,2022,3500,312  ),
 (5377,73442595,2020,4500,313  ),
 (3135,73442595,2021,4500,313  ),
 (6583,73442595,2022,4500,313  ),
 (6762,71159432,2020,5000,314  ),
 (2830,71159432,2021,5000,314  ),
 (7644,71159432,2022,5000,314  ),
 (4554,43309595,2020,1500,315  ),
 (4245,43309595,2021,1500,315  ),
 (7945,43309595,2022,1500,315  ),
 (3300,38015327,2020,2000,316  ),
 (3927,38015327,2021,2000,316  ),
 (2471,38015327,2022,2000,316  ),
 (6918,52098524,2020,3500,317  ),
 (6331,52098524,2021,3500,317  ),
 (8127,52098524,2022,3500,317  ),
 (6973,30170599,2021,4500,318  ),
 (5819,30170599,2022,4500,318  ),
 (2585,55242796,2021,5000,319  ),
 (4818,55242796,2022,5000,319  ),
 (8570,39204073,2021,1500,320  ),
 (9100,39204073,2022,1500,320  ),
 (3736,14110400,2021,2000,321  ),
 (6949,14110400,2022,2000,321  ),
 (9576,41772731,2021,3500,322  ),
 (5203,41772731,2022,3500,322  ),
 (2840,11783394,2021,4500,323  ),
 (5962,11783394,2022,4500,323  ),
 (9281,45911398,2021,5000,324  ),
 (2279,45911398,2022,5000,324  ),
 (9880,10008585,2018,1500,325  ),
 (7917,10008585,2019,1500,325  ),
 (9916,10008585,2020,1500,325  ),
 (4392,10008585,2021,1500,325  ),
 (8639,10008585,2022,1500,325  ),
 (3453,87579830,2018,2000,326  ),
 (7826,87579830,2019,2000,326  ),
 (2950,87579830,2020,2000,326  ),
 (9945,87579830,2021,2000,326  ),
 (3866,87579830,2022,2000,326  ),
 (2976,80717408,2018,3500,327  ),
 (7948,80717408,2019,3500,327  ),
 (3412,80717408,2020,3500,327  ),
 (7773,80717408,2021,3500,327  ),
 (5805,80717408,2022,3500,327  ),
 (4086,82664458,2018,4500,328  ),
 (8716,82664458,2019,4500,328  ),
 (5384,82664458,2020,4500,328  ),
 (3447,82664458,2021,4500,328  ),
 (4871,82664458,2022,4500,328  ),
 (5838,28811009,2018,2000,329  ),
 (9791,28811009,2019,2000,329  ),
 (7836,28811009,2020,2000,329  ),
 (8506,28811009,2021,2000,329  ),
 (8154,28811009,2022,2000,329  ),
 (4435,90889810,2018,1500,330  ),
 (7113,90889810,2019,1500,330  ),
 (3169,90889810,2020,1500,330  ),
 (3920,90889810,2021,1500,330  ),
 (7073,90889810,2022,1500,330  ),
 (6101,32730489,2018,2000,331  ),
 (7659,32730489,2019,2000,331  ),
 (4267,32730489,2020,2000,331  ),
 (2784,32730489,2021,2000,331  ),
 (8398,32730489,2022,2000,331  ),
 (7755,44147420,2018,3500,332  ),
 (2922,44147420,2019,3500,332  ),
 (4235,44147420,2020,3500,332  ),
 (5136,44147420,2021,3500,332  ),
 (8222,44147420,2022,3500,332  ),
 (9013,75625756,2018,4500,333  ),
 (4789,75625756,2019,4500,333  ),
 (9057,75625756,2020,4500,333  ),
 (4093,75625756,2021,4500,333  ),
 (8874,75625756,2022,4500,333  ),
 (5508,81452071,2018,5000,334  ),
 (6405,81452071,2019,5000,334  ),
 (7499,81452071,2020,5000,334  ),
 (3359,81452071,2021,5000,334  ),
 (2075,81452071,2022,5000,334  ),
 (5550,95960784,2019,1500,335  ),
 (5761,95960784,2020,1500,335  ),
 (5379,95960784,2021,1500,335  ),
 (4486,95960784,2022,1500,335  ),
 (8997,34886997,2019,2000,336  ),
 (5127,34886997,2020,2000,336  ),
 (4460,34886997,2021,2000,336  ),
 (7771,34886997,2022,2000,336  ),
 (4791,32929940,2019,3500,337  ),
 (4372,32929940,2020,3500,337  ),
 (6362,32929940,2021,3500,337  ),
 (7108,32929940,2022,3500,337  ),
 (7326,63312892,2019,4500,338  ),
 (9302,63312892,2020,4500,338  ),
 (8174,63312892,2021,4500,338  ),
 (9123,63312892,2022,4500,338  ),
 (3351,35455246,2020,5000,339  ),
 (2647,35455246,2021,5000,339  ),
 (5882,35455246,2022,5000,339  ),
 (8257,84473870,2020,1500,340  ),
 (9749,84473870,2021,1500,340  ),
 (2326,84473870,2022,1500,340  ),
 (2532,75529236,2020,2000,341  ),
 (3872,75529236,2021,2000,341  ),
 (3349,75529236,2022,2000,341  ),
 (4750,95821482,2020,3500,342  ),
 (6400,95821482,2021,3500,342  ),
 (9917,95821482,2022,3500,342  ),
 (2778,94932785,2020,4500,343  ),
 (8797,94932785,2021,4500,343  ),
 (8888,94932785,2022,4500,343  ),
 (9386,50733245,2020,5000,344  ),
 (7405,50733245,2021,5000,344  ),
 (6532,50733245,2022,5000,344  ),
 (8450,99643312,2021,1500,345  ),
 (3276,99643312,2022,1500,345  ),
 (2045,52570662,2021,2000,346  ),
 (3839,52570662,2022,2000,346  ),
 (3518,91132031,2021,3500,347  ),
 (6572,91132031,2022,3500,347  ),
 (2757,99225263,2021,4500,348  ),
 (5552,99225263,2022,4500,348  ),
 (2833,67787598,2021,5000,349  ),
 (9677,67787598,2022,5000,349  ),
 (2569,41672657,2021,1500,350  ),
 (8861,41672657,2022,1500,350  ),
 (9645,65332346,2021,2000,351  ),
 (3055,65332346,2022,2000,351  ),
 (9829,39545712,2021,3500,352  ),
 (2458,39545712,2022,3500,352  ),
 (2161,36723786,2022,4500,353  ),
 (8685,57072996,2022,5000,354  ),
 (5220,70305594,2022,1500,355  ),
 (2765,83911693,2018,2000,356  ),
 (8897,83911693,2019,2000,356  ),
 (2751,83911693,2020,2000,356  ),
 (2271,83911693,2021,2000,356  ),
 (9992,83911693,2022,2000,356  ),
 (5315,87391262,2018,3500,357  ),
 (7683,87391262,2019,3500,357  ),
 (7919,87391262,2020,3500,357  ),
 (6186,87391262,2021,3500,357  ),
 (7417,87391262,2022,3500,357  ),
 (4110,53385078,2018,4500,358  ),
 (6170,53385078,2019,4500,358  ),
 (3874,53385078,2020,4500,358  ),
 (3559,53385078,2021,4500,358  ),
 (7516,53385078,2022,4500,358  ),
 (8915,29929147,2018,5000,359  ),
 (8367,29929147,2019,5000,359  ),
 (7313,29929147,2020,5000,359  ),
 (5516,29929147,2021,5000,359  ),
 (9202,29929147,2022,5000,359  ),
 (4573,79181121,2018,1500,360  ),
 (9220,79181121,2019,1500,360  ),
 (4399,79181121,2020,1500,360  ),
 (5576,79181121,2021,1500,360  ),
 (7610,79181121,2022,1500,360  ),
 (8340,18410649,2019,2000,361  ),
 (5308,18410649,2020,2000,361  ),
 (7123,18410649,2021,2000,361  ),
 (9290,18410649,2022,2000,361  ),
 (2981,46779844,2019,3500,362  ),
 (8483,46779844,2020,3500,362  ),
 (5680,46779844,2021,3500,362  ),
 (9769,46779844,2022,3500,362  ),
 (5862,98209034,2020,4500,363  ),
 (9698,98209034,2021,4500,363  ),
 (2764,98209034,2022,4500,363  ),
 (9237,96208113,2020,5000,364  ),
 (5276,96208113,2021,5000,364  ),
 (5438,96208113,2022,5000,364  ),
 (3511,12735645,2020,1500,365  ),
 (3095,12735645,2021,1500,365  ),
 (7007,12735645,2022,1500,365  ),
 (7859,65482017,2021,2000,366  ),
 (9554,65482017,2022,2000,366  ),
 (6487,78613986,2021,3500,367  ),
 (4057,78613986,2022,3500,367  ),
 (2759,42739106,2022,4500,368  ),
 (5487,24721473,2022,1500,369  ),
 (2639,90772201,2022,1500,370  ),
 (4632,25832252,2022,2000,371  ),
 (7573,13972114,2022,3500,372  ),
 (7069,10673431,2022,4500,373  ),
 (9135,10122240,2022,5000,374  ),
 (7432,47129386,2022,1500,375  ),
 (8520,49867584,2022,2000,376  ),
 (3668,12089911,2022,3500,377  ),
 (2034,76785661,2022,4500,378  ),
 (3598,66822566,2022,2000,379  ),
 (4485,52503709,2022,4500,380  ),
 (2885,53744167,2018,5000,381  ),
 (3104,53744167,2019,5000,381  ),
 (6774,53744167,2020,5000,381  ),
 (7631,53744167,2021,5000,381  ),
 (7622,53744167,2022,5000,381  ),
 (9586,53450334,2018,1500,382  ),
 (7670,53450334,2019,1500,382  ),
 (8482,53450334,2020,1500,382  ),
 (7175,53450334,2021,1500,382  ),
 (7730,53450334,2022,1500,382  ),
 (7260,47650650,2018,2000,383  ),
 (5112,47650650,2019,2000,383  ),
 (2112,47650650,2020,2000,383  ),
 (6212,47650650,2021,2000,383  ),
 (7373,47650650,2022,2000,383  ),
 (2270,83992838,2018,3500,384  ),
 (3505,83992838,2019,3500,384  ),
 (9192,83992838,2020,3500,384  ),
 (8931,83992838,2021,3500,384  ),
 (2852,83992838,2022,3500,384  ),
 (4444,24575375,2019,4500,385  ),
 (9878,24575375,2020,4500,385  ),
 (6553,24575375,2021,4500,385  ),
 (4111,24575375,2022,4500,385  ),
 (5441,69818359,2019,5000,386  ),
 (2178,69818359,2020,5000,386  ),
 (2819,69818359,2021,5000,386  ),
 (8655,69818359,2022,5000,386  ),
 (3184,55487798,2019,4500,387  ),
 (9735,55487798,2020,4500,387  ),
 (2018,55487798,2021,4500,387  ),
 (8193,55487798,2022,4500,387  ),
 (8318,92293639,2019,5000,388  ),
 (2137,92293639,2020,5000,388  ),
 (7039,92293639,2021,5000,388  ),
 (2035,92293639,2022,5000,388  ),
 (9730,49686484,2019,1500,389  ),
 (4622,49686484,2020,1500,389  ),
 (9909,49686484,2021,1500,389  ),
 (9327,49686484,2022,1500,389  ),
 (4121,34979000,2019,2000,390  ),
 (4777,34979000,2020,2000,390  ),
 (5205,34979000,2021,2000,390  ),
 (9152,34979000,2022,2000,390  ),
 (5885,20112628,2020,3500,391  ),
 (7997,20112628,2021,3500,391  ),
 (9794,20112628,2022,3500,391  ),
 (7376,80956849,2020,4500,392  ),
 (7413,80956849,2021,4500,392  ),
 (7233,80956849,2022,4500,392  ),
 (5101,46592229,2020,5000,393  ),
 (9893,46592229,2021,5000,393  ),
 (5897,46592229,2022,5000,393  ),
 (6839,30234364,2020,4500,394  ),
 (2115,30234364,2021,4500,394  ),
 (6803,30234364,2022,4500,394  ),
 (9939,88348051,2020,5000,395  ),
 (9895,88348051,2021,5000,395  ),
 (8574,88348051,2022,5000,395  ),
 (2673,18477648,2021,1500,396  ),
 (7687,18477648,2022,1500,396  ),
 (9823,13053491,2021,2000,397  ),
 (3456,13053491,2022,2000,397  ),
 (8408,53447927,2021,3500,398  ),
 (7422,53447927,2022,3500,398  ),
 (3469,62183628,2021,1000,399  ),
 (3727,62183628,2022,1000,399  ),
 (7214,98568760,2021,2000,400  ),
 (3999,98568760,2022,2000,400  ),
 (5409,43151697,2022,3000,401  ),
 (3083,97499113,2022,4000,402  ),
 (9811,84829064,2022,1000,403  ),
 (4042,81569348,2022,2000,404  ),
 (6055,31833333,2022,1000,405  ),
 (7037,49963978,2022,2000,406  ),
 (4484,77262012,2022,1000,407  ),
 (2375,57776097,2018,2000,408  ),
 (3172,57776097,2019,2000,408  ),
 (3692,57776097,2020,2000,408  ),
 (3079,57776097,2021,2000,408  ),
 (3206,57776097,2022,2000,408  ),
 (8431,45333224,2018,1000,409  ),
 (6849,45333224,2019,1000,409  ),
 (3715,45333224,2020,1000,409  ),
 (5316,45333224,2021,1000,409  ),
 (3805,45333224,2022,1000,409  ),
 (5216,88549345,2018,2000,410  ),
 (9979,88549345,2019,2000,410  ),
 (9789,88549345,2020,2000,410  ),
 (8712,88549345,2021,2000,410  ),
 (4845,88549345,2022,2000,410  ),
 (9205,53184231,2018,3000,411  ),
 (4487,53184231,2019,3000,411  ),
 (6190,53184231,2020,3000,411  ),
 (2196,53184231,2021,3000,411  ),
 (2414,53184231,2022,3000,411  ),
 (7319,85905257,2018,4000,412  ),
 (5309,85905257,2019,4000,412  ),
 (3572,85905257,2020,4000,412  ),
 (6997,85905257,2021,4000,412  ),
 (8307,85905257,2022,4000,412  ),
 (3275,17339756,2018,3000,413  ),
 (2562,17339756,2019,3000,413  ),
 (7285,17339756,2020,3000,413  ),
 (5240,17339756,2021,3000,413  ),
 (3472,17339756,2022,3000,413  ),
 (8341,21654559,2018,4000,414  ),
 (4072,21654559,2019,4000,414  ),
 (2357,21654559,2020,4000,414  ),
 (6364,21654559,2021,4000,414  ),
 (2943,21654559,2022,4000,414  ),
 (9934,64446617,2019,3000,415  ),
 (4208,64446617,2020,3000,415  ),
 (5249,64446617,2021,3000,415  ),
 (3045,64446617,2022,3000,415  ),
 (8705,30750783,2019,4000,416  ),
 (4328,30750783,2020,4000,416  ),
 (2073,30750783,2021,4000,416  ),
 (5551,30750783,2022,4000,416  ),
 (3322,22527137,2019,2000,417  ),
 (6154,22527137,2020,2000,417  ),
 (5219,22527137,2021,2000,417  ),
 (9231,22527137,2022,2000,417  ),
 (7625,58927154,2020,2000,418  ),
 (5681,58927154,2021,2000,418  ),
 (3971,58927154,2022,2000,418  ),
 (8409,38665811,2020,3000,419  ),
 (6695,38665811,2021,3000,419  ),
 (3873,38665811,2022,3000,419  ),
 (2814,79718606,2020,2000,420  ),
 (3205,79718606,2021,2000,420  ),
 (5396,79718606,2022,2000,420  ),
 (4702,78231592,2020,3000,421  ),
 (9098,78231592,2021,3000,421  ),
 (8503,78231592,2022,3000,421  ),
 (2570,94953676,2020,2000,422  ),
 (2464,94953676,2021,2000,422  ),
 (2627,94953676,2022,2000,422  ),
 (5489,55854414,2020,3000,423  ),
 (7896,55854414,2021,3000,423  ),
 (9620,55854414,2022,3000,423  ),
 (4771,71970062,2020,2000,424  ),
 (4546,71970062,2021,2000,424  ),
 (6193,71970062,2022,2000,424  ),
 (4462,56945906,2020,3000,425  ),
 (8544,56945906,2021,3000,425  ),
 (5369,56945906,2022,3000,425  ),
 (8510,46448090,2021,2000,426  ),
 (5985,46448090,2022,2000,426  ),
 (7182,79079265,2021,3000,427  ),
 (6702,79079265,2022,3000,427  ),
 (3865,96205776,2021,2000,428  ),
 (6256,96205776,2022,2000,428  ),
 (6329,69088374,2021,3000,429  ),
 (9096,69088374,2022,3000,429  ),
 (6012,65939097,2021,2000,430  ),
 (6522,65939097,2022,2000,430  ),
 (7344,74450372,2021,3000,431  ),
 (4188,74450372,2022,3000,431  ),
 (9849,35949303,2021,2000,432  ),
 (4549,35949303,2022,2000,432  ),
 (5403,77832106,2018,3000,433  ),
 (6248,77832106,2019,3000,433  ),
 (6654,77832106,2020,3000,433  ),
 (2841,77832106,2021,3000,433  ),
 (2878,77832106,2022,3000,433  ),
 (6989,59392904,2018,2000,434  ),
 (9653,59392904,2019,2000,434  ),
 (9846,59392904,2020,2000,434  ),
 (2434,59392904,2021,2000,434  ),
 (9695,59392904,2022,2000,434  ),
 (6591,71224910,2018,3000,435  ),
 (8317,71224910,2019,3000,435  ),
 (7071,71224910,2020,3000,435  ),
 (2226,71224910,2021,3000,435  ),
 (8738,71224910,2022,3000,435  ),
 (8269,65310069,2018,1000,436  ),
 (7479,65310069,2019,1000,436  ),
 (3702,65310069,2020,1000,436  ),
 (6594,65310069,2021,1000,436  ),
 (8301,65310069,2022,1000,436  ),
 (4495,63240118,2018,4000,437  ),
 (4663,63240118,2019,4000,437  ),
 (8471,63240118,2020,4000,437  ),
 (8284,63240118,2021,4000,437  ),
 (3364,63240118,2022,4000,437  ),
 (6355,58154354,2018,4000,438  ),
 (6570,58154354,2019,4000,438  ),
 (7912,58154354,2020,4000,438  ),
 (7587,58154354,2021,4000,438  ),
 (8663,58154354,2022,4000,438  ),
 (6744,51774768,2018,4000,439  ),
 (4650,51774768,2019,4000,439  ),
 (4100,51774768,2020,4000,439  ),
 (6727,51774768,2021,4000,439  ),
 (6747,51774768,2022,4000,439  ),
 (8773,13611834,2018,4000,440  ),
 (4136,13611834,2019,4000,440  ),
 (6645,13611834,2020,4000,440  ),
 (2439,13611834,2021,4000,440  ),
 (7481,13611834,2022,4000,440  ),
 (5728,86370736,2018,1000,441  ),
 (6761,86370736,2019,1000,441  ),
 (2842,86370736,2020,1000,441  ),
 (4610,86370736,2021,1000,441  ),
 (2695,86370736,2022,1000,441  ),
 (9284,31467876,2018,1000,442  ),
 (4624,31467876,2019,1000,442  ),
 (7970,31467876,2020,1000,442  ),
 (8531,31467876,2021,1000,442  ),
 (4017,31467876,2022,1000,442  ),
 (9761,44225694,2019,1000,443  ),
 (8527,44225694,2020,1000,443  ),
 (8752,44225694,2021,1000,443  ),
 (8904,44225694,2022,1000,443  ),
 (6737,65760090,2019,1000,444  ),
 (8461,65760090,2020,1000,444  ),
 (4936,65760090,2021,1000,444  ),
 (7582,65760090,2022,1000,444  ),
 (4812,12251634,2019,1000,445  ),
 (9767,12251634,2020,1000,445  ),
 (2131,12251634,2021,1000,445  ),
 (9828,12251634,2022,1000,445  ),
 (3591,63110709,2019,1000,446  ),
 (4739,63110709,2020,1000,446  ),
 (6205,63110709,2021,1000,446  ),
 (8876,63110709,2022,1000,446  ),
 (2881,26981081,2020,1000,447  ),
 (5705,26981081,2021,1000,447  ),
 (8466,26981081,2022,1000,447  ),
 (4438,76928720,2020,1000,448  ),
 (5568,76928720,2021,1000,448  ),
 (2543,76928720,2022,1000,448  ),
 (4398,71561472,2020,1000,449  ),
 (5653,71561472,2021,1000,449  ),
 (5716,71561472,2022,1000,449  ),
 (4194,15356759,2020,1000,450  ),
 (9034,15356759,2021,1000,450  ),
 (9159,15356759,2022,1000,450  ),
 (9683,85948941,2020,1000,451  ),
 (8389,85948941,2021,1000,451  ),
 (9894,85948941,2022,1000,451  ),
 (6476,30150191,2020,1000,452  ),
 (6065,30150191,2021,1000,452  ),
 (4601,30150191,2022,1000,452  ),
 (3288,37648198,2021,1000,453  ),
 (4190,37648198,2022,1000,453  ),
 (3600,40491194,2021,1000,454  ),
 (5430,40491194,2022,1000,454  ),
 (2207,80855015,2021,1000,455  ),
 (6791,80855015,2022,1000,455  ),
 (3498,46295732,2021,1000,456  ),
 (5345,46295732,2022,1000,456  ),
 (7524,16457657,2021,1000,457  ),
 (7590,16457657,2022,1000,457  ),
 (5012,53273075,2021,1000,458  ),
 (7480,53273075,2022,1000,458  ),
 (3822,11369118,2021,1000,459  ),
 (4078,11369118,2022,1000,459  ),
 (9247,92170981,2021,1000,460  ),
 (2369,92170981,2022,1000,460  ),
 (9214,30278391,2022,1000,461  ),
 (2066,73341580,2022,1000,462  ),
 (7846,68439592,2022,1000,463  ),
 (9493,94567240,2018,1000,464  ),
 (4246,94567240,2019,1000,464  ),
 (5338,94567240,2020,1000,464  ),
 (3882,94567240,2021,1000,464  ),
 (5640,94567240,2022,1000,464  ),
 (9393,54777268,2018,2000,465  ),
 (4458,54777268,2019,2000,465  ),
 (5292,54777268,2020,2000,465  ),
 (5631,54777268,2021,2000,465  ),
 (2970,54777268,2022,2000,465  ),
 (5656,30967080,2018,3000,466  ),
 (5412,30967080,2019,3000,466  ),
 (2335,30967080,2020,3000,466  ),
 (2032,30967080,2021,3000,466  ),
 (6646,30967080,2022,3000,466  ),
 (6745,45318766,2018,2000,467  ),
 (4678,45318766,2019,2000,467  ),
 (2278,45318766,2020,2000,467  ),
 (5678,45318766,2021,2000,467  ),
 (7160,45318766,2022,2000,467  ),
 (3094,46097669,2018,3000,468  ),
 (7598,46097669,2019,3000,468  ),
 (7464,46097669,2020,3000,468  ),
 (6469,46097669,2021,3000,468  ),
 (8827,46097669,2022,3000,468  ),
 (3766,23805872,2019,2000,469  ),
 (5888,23805872,2020,2000,469  ),
 (4930,23805872,2021,2000,469  ),
 (4482,23805872,2022,2000,469  ),
 (2936,54585675,2019,3000,470  ),
 (9510,54585675,2020,3000,470  ),
 (6960,54585675,2021,3000,470  ),
 (4978,54585675,2022,3000,470  ),
 (6815,51006371,2020,2000,471  ),
 (8945,51006371,2021,2000,471  ),
 (3057,51006371,2022,2000,471  ),
 (8951,10095371,2020,3000,472  ),
 (7398,10095371,2021,3000,472  ),
 (4765,10095371,2022,3000,472  ),
 (6333,70538818,2020,2000,473  ),
 (2740,70538818,2021,2000,473  ),
 (8844,70538818,2022,2000,473  ),
 (7939,22048358,2021,3000,474  ),
 (4317,22048358,2022,3000,474  ),
 (7164,30251192,2021,2000,475  ),
 (8732,30251192,2022,2000,475  ),
 (6295,88707098,2022,3000,476  ),
 (2366,60042105,2022,2000,477  ),
 (8378,86356789,2022,3000,478  ),
 (4749,80802759,2022,2000,479  ),
 (3376,98203826,2022,3000,480  ),
 (7224,28644388,2022,2000,481  ),
 (8370,35374777,2022,3000,482  ),
 (5164,76624351,2022,2000,483  ),
 (7365,53014369,2022,3000,484  ),
 (3333,42793195,2022,2000,485  ),
 (9158,81502103,2022,3000,486  ),
 (5172,92766615,2022,2000,487  ),
 (2693,88396036,2022,3000,488  ),
 (3118,98449741,2018,4000,489  ),
 (9525,98449741,2019,4000,489  ),
 (9616,98449741,2020,4000,489  ),
 (4920,98449741,2021,4000,489  ),
 (3112,98449741,2022,4000,489  ),
 (9949,55442637,2018,4000,490  ),
 (9706,55442637,2019,4000,490  ),
 (8817,55442637,2020,4000,490  ),
 (6368,55442637,2021,4000,490  ),
 (4410,55442637,2022,4000,490  ),
 (7549,71321382,2018,4000,491  ),
 (6613,71321382,2019,4000,491  ),
 (5390,71321382,2020,4000,491  ),
 (9161,71321382,2021,4000,491  ),
 (2436,71321382,2022,4000,491  ),
 (5646,84983963,2018,4000,492  ),
 (3271,84983963,2019,4000,492  ),
 (4827,84983963,2020,4000,492  ),
 (9007,84983963,2021,4000,492  ),
 (8901,84983963,2022,4000,492  ),
 (4626,12313057,2019,4000,493  ),
 (8090,12313057,2020,4000,493  ),
 (5458,12313057,2021,4000,493  ),
 (5037,12313057,2022,4000,493  ),
 (8444,84589325,2019,4000,494  ),
 (5953,84589325,2020,4000,494  ),
 (6106,84589325,2021,4000,494  ),
 (8040,84589325,2022,4000,494  ),
 (3837,84984662,2019,4000,495  ),
 (3374,84984662,2020,4000,495  ),
 (8419,84984662,2021,4000,495  ),
 (7336,84984662,2022,4000,495  ),
 (7733,34642404,2019,4000,496  ),
 (9991,34642404,2020,4000,496  ),
 (3438,34642404,2021,4000,496  ),
 (4578,34642404,2022,4000,496  ),
 (3131,72167752,2019,1000,497  ),
 (9023,72167752,2020,1000,497  ),
 (6596,72167752,2021,1000,497  ),
 (2683,72167752,2022,1000,497  ),
 (5120,39278628,2019,1000,498  ),
 (3522,39278628,2020,1000,498  ),
 (3972,39278628,2021,1000,498  ),
 (2656,39278628,2022,1000,498  ),
 (8528,97559814,2020,4000,499  ),
 (5415,97559814,2021,4000,499  ),
 (3487,97559814,2022,4000,499  ),
 (3876,63265589,2020,5000,500  ),
 (3720,63265589,2021,5000,500  ),
 (2659,63265589,2022,5000,500  ),
 (5349,75743980,2020,9000,501  ),
 (7138,75743980,2021,9000,501  ),
 (8561,75743980,2022,9000,501  ),
 (6543,73643499,2020,12000,502  ),
 (5713,73643499,2021,12000,502  ),
 (4382,73643499,2022,12000,502  ),
 (9317,72775537,2020,16000,503  ),
 (4878,72775537,2021,16000,503  ),
 (9257,72775537,2022,16000,503  ),
 (2026,16003529,2021,4000,504  ),
 (9255,16003529,2022,4000,504  ),
 (3432,32085901,2021,5000,505  ),
 (7774,32085901,2022,5000,505  ),
 (6640,48510214,2021,9000,506  ),
 (9837,48510214,2022,9000,506  ),
 (2519,30870734,2021,12000,507  ),
 (9256,30870734,2022,12000,507  ),
 (5086,73904344,2021,16000,508  ),
 (2824,73904344,2022,16000,508  ),
 (2330,16975289,2022,4000,509  ),
 (8919,91082827,2022,5000,510  ),
 (8230,93567133,2022,9000,511  ),
 (6582,80201204,2022,12000,512  ),
 (4544,25697715,2022,16000,513  ),
 (7673,58934307,2018,4000,514  ),
 (8050,58934307,2019,4000,514  ),
 (8224,58934307,2020,4000,514  ),
 (6007,58934307,2021,4000,514  ),
 (7702,58934307,2022,4000,514  ),
 (2949,48963284,2018,5000,515  ),
 (2955,48963284,2019,5000,515  ),
 (8866,48963284,2020,5000,515  ),
 (9783,48963284,2021,5000,515  ),
 (6006,48963284,2022,5000,515  ),
 (7247,70553946,2018,9000,516  ),
 (9109,70553946,2019,9000,516  ),
 (5257,70553946,2020,9000,516  ),
 (9223,70553946,2021,9000,516  ),
 (2652,70553946,2022,9000,516  ),
 (8998,61257355,2019,12000,517  ),
 (6481,61257355,2020,12000,517  ),
 (9335,61257355,2021,12000,517  ),
 (5565,61257355,2022,12000,517  ),
 (8973,61936026,2019,16000,518  ),
 (3875,61936026,2020,16000,518  ),
 (7392,61936026,2021,16000,518  ),
 (5757,61936026,2022,16000,518  ),
 (3329,85984124,2019,4000,519  ),
 (5655,85984124,2020,4000,519  ),
 (4630,85984124,2021,4000,519  ),
 (4012,85984124,2022,4000,519  ),
 (2500,38620616,2019,5000,520  ),
 (5837,38620616,2020,5000,520  ),
 (8260,38620616,2021,5000,520  ),
 (7761,38620616,2022,5000,520  ),
 (2728,82408164,2019,9000,521  ),
 (6841,82408164,2020,9000,521  ),
 (4081,82408164,2021,9000,521  ),
 (6971,82408164,2022,9000,521  ),
 (5596,16225773,2019,12000,522  ),
 (7082,16225773,2020,12000,522  ),
 (4463,16225773,2021,12000,522  ),
 (3176,16225773,2022,12000,522  ),
 (7328,83293267,2019,16000,523  ),
 (3545,83293267,2020,16000,523  ),
 (3672,83293267,2021,16000,523  ),
 (6567,83293267,2022,16000,523  ),
 (8958,98184041,2019,4000,524  ),
 (5794,98184041,2020,4000,524  ),
 (3612,98184041,2021,4000,524  ),
 (9099,98184041,2022,4000,524  ),
 (8745,44527362,2020,5000,525  ),
 (3158,44527362,2021,5000,525  ),
 (7155,44527362,2022,5000,525  ),
 (2523,16256021,2020,9000,526  ),
 (4752,16256021,2021,9000,526  ),
 (5281,16256021,2022,9000,526  ),
 (8893,63978153,2020,12000,527  ),
 (5677,63978153,2021,12000,527  ),
 (5591,63978153,2022,12000,527  ),
 (4958,73786314,2021,16000,528  ),
 (7076,73786314,2022,16000,528  ),
 (3697,51327921,2021,4000,529  ),
 (6520,51327921,2022,4000,529  ),
(1380,76028911,2021,5000,530  ),
 (1538,76028911,2022,5000,530  ),
 (1610,42196361,2021,9000,531  ),
 (1156,42196361,2022,9000,531  ),
 (1378,19224504,2021,12000,532  ),
 (1723,19224504,2022,12000,532  ),
 (1949,69249884,2021,16000,533  ),
 (1516,69249884,2022,16000,533  ),
 (1233,58162693,2021,4000,534  ),
 (1997,58162693,2022,4000,534  ),
 (1028,21430939,2022,5000,535  ),
 (1814,65177472,2022,9000,536  ),
 (1234,98258839,2022,12000,537  ),
 (1377,48293417,2022,16000,538  ),
 (1693,34930115,2018,4000,539  ),
 (1525,34930115,2019,4000,539  ),
 (1205,34930115,2020,4000,539  ),
 (1533,34930115,2021,4000,539  ),
 (1507,34930115,2022,4000,539  ),
 (1769,31345873,2018,5000,540  ),
 (1500,31345873,2019,5000,540  ),
 (1444,31345873,2020,5000,540  ),
 (1415,31345873,2021,5000,540  ),
 (1089,31345873,2022,5000,540  ),
 (1376,68868047,2018,9000,541  ),
 (1360,68868047,2019,9000,541  ),
 (1224,68868047,2020,9000,541  ),
 (1080,68868047,2021,9000,541  ),
 (1017,68868047,2022,9000,541  ),
 (1212,76786577,2018,12000,542  ),
 (1935,76786577,2019,12000,542  ),
 (1025,76786577,2020,12000,542  ),
 (1235,76786577,2021,12000,542  ),
 (1172,76786577,2022,12000,542  ),
 (1014,29893925,2018,16000,543  ),
 (1566,29893925,2019,16000,543  ),
 (1672,29893925,2020,16000,543  ),
 (1104,29893925,2021,16000,543  ),
 (1013,29893925,2022,16000,543  ),
 (1442,27328201,2019,4000,544  ),
 (1099,27328201,2020,4000,544  ),
 (1560,27328201,2021,4000,544  ),
 (1457,27328201,2022,4000,544  ),
 (1917,73067846,2019,5000,545  ),
 (1771,73067846,2020,5000,545  ),
 (1742,73067846,2021,5000,545  ),
 (1261,73067846,2022,5000,545  ),
 (1940,55655788,2019,9000,546  ),
 (1772,55655788,2020,9000,546  ),
 (1076,55655788,2021,9000,546  ),
 (1819,55655788,2022,9000,546  ),
 (1925,65678984,2019,12000,547  ),
 (1633,65678984,2020,12000,547  ),
 (1329,65678984,2021,12000,547  ),
 (1952,65678984,2022,12000,547  ),
 (1484,83178738,2019,16000,548  ),
 (1878,83178738,2020,16000,548  ),
 (1169,83178738,2021,16000,548  ),
 (1232,83178738,2022,16000,548  ),
 (1053,62608158,2019,4000,549  ),
 (1478,62608158,2020,4000,549  ),
 (1809,62608158,2021,4000,549  ),
 (1722,62608158,2022,4000,549  ),
 (1673,55640037,2020,5000,550  ),
 (1907,55640037,2021,5000,550  ),
 (1203,55640037,2022,5000,550  ),
 (1228,57552107,2020,9000,551  ),
 (1701,57552107,2021,9000,551  ),
 (1904,57552107,2022,9000,551  ),
 (1075,47338581,2020,12000,552  ),
 (1852,47338581,2021,12000,552  ),
 (1879,47338581,2022,12000,552  ),
 (1015,43799547,2020,16000,553  ),
 (1656,43799547,2021,16000,553  ),
 (1700,43799547,2022,16000,553  ),
 (1591,69319503,2021,4000,554  ),
 (1226,69319503,2022,4000,554  ),
 (1063,16386265,2021,5000,555  ),
 (1123,16386265,2022,5000,555  ),
 (1614,50481484,2021,9000,556  ),
 (1155,50481484,2022,9000,556  ),
 (1861,82186073,2021,12000,557  ),
 (1536,82186073,2022,12000,557  ),
 (1825,38097084,2021,16000,558  ),
 (1694,38097084,2022,16000,558  ),
 (1188,10476997,2021,4000,559  ),
 (1118,10476997,2022,4000,559  ),
 (1705,91658790,2022,5000,560  ),
 (1697,12699329,2022,9000,561  ),
 (1436,42759616,2022,4000,562  ),
 (1135,20134294,2022,5000,563  ),
 (1784,38017381,2020,9000,564  ),
 (1604,38017381,2021,9000,564  ),
 (1043,38017381,2022,9000,564  ),
 (1716,35071411,2021,4000,565  ),
 (1000,35071411,2022,4000,565  ),
 (1579,82749893,2021,5000,566  ),
 (1281,82749893,2022,5000,566  ),
 (1504,30846209,2022,9000,567  ),
 (1257,98437782,2022,4000,568  ),
 (1686,17054524,2022,5000,569  ),
 (1366,91038644,2022,9000,570  ),
 (1098,43843546,2022,4000,571  ),
 (1547,12481903,2022,5000,572  ),
 (1113,78796772,2022,9000,573  ),
 (1770,88449937,2022,4000,574  ),
 (1387,15581729,2022,5000,575  ),
 (1563,30235537,2022,9000,576  ),
 (1710,92826242,2022,4000,577  ),
 (1399,39337411,2022,5000,578  ),
 (1946,46378850,2022,9000,579  ),
 (1240,42501955,2018,12000,580  ),
 (1032,42501955,2019,12000,580  ),
 (1969,42501955,2020,12000,580  ),
 (1151,42501955,2021,12000,580  ),
 (1595,42501955,2022,12000,580  ),
 (1929,43450962,2018,16000,581  ),
 (1520,43450962,2019,16000,581  ),
 (1187,43450962,2020,16000,581  ),
 (1955,43450962,2021,16000,581  ),
 (1267,43450962,2022,16000,581  ),
 (1160,26524554,2018,12000,582  ),
 (1158,26524554,2019,12000,582  ),
 (1483,26524554,2020,12000,582  ),
 (1181,26524554,2021,12000,582  ),
 (1687,26524554,2022,12000,582  ),
 (1762,53657515,2018,16000,583  ),
 (1101,53657515,2019,16000,583  ),
 (1054,53657515,2020,16000,583  ),
 (1901,53657515,2021,16000,583  ),
 (1467,53657515,2022,16000,583  ),
 (1245,74413841,2019,12000,584  ),
 (1401,74413841,2020,12000,584  ),
 (1629,74413841,2021,12000,584  ),
 (1019,74413841,2022,12000,584  ),
 (1943,35823358,2019,16000,585  ),
 (1431,35823358,2020,16000,585  ),
 (1170,35823358,2021,16000,585  ),
 (1092,35823358,2022,16000,585  ),
 (1735,31191456,2019,12000,586  ),
 (1303,31191456,2020,12000,586  ),
 (1372,31191456,2021,12000,586  ),
 (1728,31191456,2022,12000,586  ),
 (1661,62313745,2019,16000,587  ),
 (1582,62313745,2020,16000,587  ),
 (1024,62313745,2021,16000,587  ),
 (1117,62313745,2022,16000,587  ),
 (1662,43667311,2019,12000,588  ),
 (1339,43667311,2020,12000,588  ),
 (1272,43667311,2021,12000,588  ),
 (1683,43667311,2022,12000,588  ),
 (1578,40812350,2019,16000,589  ),
 (1074,40812350,2020,16000,589  ),
 (1023,40812350,2021,16000,589  ),
 (1811,40812350,2022,16000,589  ),
 (1358,55654950,2020,12000,590  ),
 (1007,55654950,2021,12000,590  ),
 (1055,55654950,2022,12000,590  ),
 (1730,61837656,2020,16000,591  ),
 (1084,61837656,2021,16000,591  ),
 (1177,61837656,2022,16000,591  ),
 (1165,56101942,2020,12000,592  ),
 (1379,56101942,2021,12000,592  ),
 (1824,56101942,2022,12000,592  ),
 (1081,53202235,2020,16000,593  ),
 (1324,53202235,2021,16000,593  ),
 (1727,53202235,2022,16000,593  ),
 (1810,33520477,2020,12000,594  ),
 (1891,33520477,2021,12000,594  ),
 (1049,33520477,2022,12000,594  ),
 (1215,32118149,2021,16000,595  ),
 (1373,32118149,2022,16000,595  ),
 (1417,66168184,2021,12000,596  ),
 (1238,66168184,2022,12000,596  ),
 (1517,84963484,2021,16000,597  ),
 (1427,84963484,2022,16000,597  ),
 (1622,37271041,2021,9000,598  ),
 (1918,37271041,2022,9000,598  ),
 (1644,37271042,2021,12000,599  ),
 (1173,37271042,2022,12000,599  ),
(8095,37271042,2020,1481,599 ),
(8940,32118149,2020,7417,595 ),
(8586,33520477,2020,9733,594 ),
(8417,37271041,2020,6202,598 ),
(8870,63978153,2020,1126,527 ),
(8778,73786314,2020,3794,528 ),
(8818,97499113,2020,5116,402 ),
(8865,81569348,2020,4200,404 ),
(8239,31833333,2020,5104,405 ),
(8086,49963978,2020,4361,406 ),
(8054,40951131,2020,7276,200 ),
(8550,41697250,2020,4752,209 ),
(8692,42835021,2020,9077,213 ),
(8005,45099067,2020,2110,228 ),
(8114,64982850,2020,8942,230 ),
(8939,69047996,2020,4566,238 ),
(8012,57374722,2020,7687,242 ),
(8353,28577251,2021,8754,245 ),
(8552,80756072,2021,6705,252 );



insert into policy(
Policy_no,Start_date,End_date,Premium,Coverage,Branch_id,Agent_ID)
values
(2001,'2018-03-16','2023-06-01',1500,5000,1001,118 ),
(2002,'2018-05-16','2023-09-05',2000,6000,1002,118 ),
(2003,'2018-07-04','2023-09-20',3500,8000,1002,119 ),
(2004,'2018-08-02','2024-02-13',1500,5000,1004,151 ),
(2005,'2019-03-17','2024-05-24',5000,12000,1006,183 ),
(2006,'2019-04-20','2024-09-25',1500,5000,1001,114 ),
(2007,'2019-06-21','2025-04-03',2000,6000,1007,195 ),
(2008,'2019-09-15','2025-04-07',3500,8000,1006,183 ),
(2009,'2019-11-24','2026-01-30',4500,10000,1004,156 ),
(2010,'2019-12-11','2026-03-07',2000,6000,1002,129 ),
(2011,'2020-02-09','2026-05-18',1500,5000,1003,139 ),
(2012,'2020-03-04','2026-07-25',2000,6000,1007,195 ),
(2013,'2020-07-02','2027-08-30',3500,8000,1005,173 ),
(2014,'2020-11-16','2027-09-19',1500,5000,1007,192 ),
(2015,'2021-02-17','2028-01-10',2000,6000,1006,187 ),
(2016,'2021-03-10','2028-02-21',1500,5000,1002,127 ),
(2017,'2021-04-12','2028-06-18',2000,6000,1001,106 ),
(2018,'2021-05-19','2028-07-31',3500,8000,1001,114 ),
(2019,'2021-05-24','2028-08-17',1500,5000,1001,100 ),
(2020,'2021-09-02','2029-05-14',2000,6000,1005,166 ),
(2021,'2021-12-17','2029-06-30',1500,5000,1004,148 ),
(2022,'2021-12-18','2029-07-23',2000,6000,1001,102 ),
(2023,'2021-12-31','2029-09-13',3500,8000,1001,103 ),
(2024,'2022-01-16','2029-11-22',4500,10000,1003,137 ),
(2025,'2022-04-24','2030-02-11',2000,6000,1001,107 ),
(2026,'2018-01-14','2023-01-17',1500,5000,1005,166 ),
(2027,'2018-06-03','2023-04-10',2000,6000,1003,141 ),
(2028,'2018-06-15','2023-07-24',3500,8000,1007,200 ),
(2029,'2018-06-26','2023-10-04',4500,10000,1005,163 ),
(2030,'2018-07-10','2023-12-12',2000,6000,1007,193 ),
(2031,'2018-10-29','2023-12-14',1500,5000,1004,157 ),
(2032,'2018-12-17','2024-09-25',2000,6000,1005,175 ),
(2033,'2019-03-27','2024-10-27',3500,8000,1003,136 ),
(2034,'2019-06-19','2025-01-15',1500,5000,1001,109 ),
(2035,'2019-07-15','2025-02-16',5000,12000,1001,111 ),
(2036,'2020-01-14','2025-08-09',1500,5000,1001,107 ),
(2037,'2020-01-22','2026-08-02',2000,6000,1001,100 ),
(2038,'2020-04-02','2027-02-25',3500,8000,1005,172 ),
(2039,'2020-05-29','2027-03-01',1500,5000,1006,183 ),
(2040,'2020-09-06','2027-03-30',2000,6000,1007,195 ),
(2041,'2020-09-09','2027-04-26',1500,5000,1006,176 ),
(2042,'2020-12-07','2027-07-28',2000,6000,1002,121 ),
(2043,'2020-12-28','2027-09-08',3500,8000,1001,102 ),
(2044,'2021-01-23','2028-05-08',1500,5000,1003,138 ),
(2045,'2021-03-03','2028-08-23',5000,12000,1003,131 ),
(2046,'2021-04-03','2028-11-19',1500,5000,1007,194 ),
(2047,'2021-05-18','2029-04-26',2000,6000,1004,146 ),
(2048,'2021-08-12','2029-06-11',3500,8000,1003,139 ),
(2049,'2021-09-13','2029-08-30',4500,10000,1007,206 ),
(2050,'2021-09-23','2030-03-18',2000,6000,1007,197 ),
(2051,'2018-01-24','2023-01-27',1500,5000,1001,102 ),
(2052,'2018-02-04','2023-05-03',2000,6000,1004,160 ),
(2053,'2018-02-06','2023-06-16',3500,8000,1006,177 ),
(2054,'2018-05-26','2023-11-01',1500,5000,1001,109 ),
(2055,'2018-05-29','2023-12-07',1500,5000,1004,147 ),
(2056,'2018-10-12','2024-04-16',1500,5000,1002,128 ),
(2057,'2019-07-02','2024-05-09',2000,6000,1003,134 ),
(2058,'2019-07-19','2024-07-01',3500,8000,1003,135 ),
(2059,'2019-08-03','2024-10-10',4500,10000,1002,121 ),
(2060,'2019-08-19','2024-10-31',5000,12000,1006,189 ),
(2061,'2020-03-04','2025-03-24',1500,5000,1004,145 ),
(2062,'2020-06-08','2025-05-19',2000,6000,1006,181 ),
(2063,'2020-09-26','2025-11-13',3500,8000,1001,105 ),
(2064,'2020-12-01','2026-04-17',1500,5000,1004,146 ),
(2065,'2021-01-19','2026-06-27',2000,6000,1005,172 ),
(2066,'2021-03-09','2026-10-03',1500,5000,1003,134 ),
(2067,'2021-05-26','2026-11-20',2000,6000,1002,121 ),
(2068,'2021-07-02','2028-06-01',3500,8000,1007,196 ),
(2069,'2022-02-11','2028-11-10',1500,5000,1007,195 ),
(2070,'2022-02-14','2029-02-11',5000,12000,1006,190 ),
(2071,'2022-03-26','2029-03-15',1500,5000,1004,159 ),
(2072,'2022-05-06','2029-08-25',2000,6000,1004,158 ),
(2073,'2022-05-18','2029-08-27',3500,8000,1004,160 ),
(2074,'2022-06-26','2029-10-29',1500,5000,1007,197 ),
(2075,'2022-07-19','2030-07-13',5000,12000,1004,156 ),
(2076,'2020-01-29','2023-08-14',1500,5000,1005,164 ),
(2077,'2020-02-06','2024-06-22',2000,6000,1006,177 ),
(2078,'2020-02-25','2024-06-30',3500,8000,1004,160 ),
(2079,'2020-03-21','2024-07-25',1500,5000,1001,110 ),
(2080,'2020-04-14','2024-09-15',5000,12000,1007,203 ),
(2081,'2020-04-15','2025-01-05',1500,5000,1004,147 ),
(2082,'2020-05-28','2025-04-08',2000,6000,1002,126 ),
(2083,'2020-06-02','2025-04-27',3500,8000,1001,112 ),
(2084,'2020-06-06','2025-06-03',1500,5000,1002,126 ),
(2085,'2020-07-23','2025-06-04',5000,12000,1002,118 ),
(2086,'2020-02-09','2025-10-14',1500,5000,1007,192 ),
(2087,'2020-03-04','2026-12-20',2000,6000,1002,120 ),
(2088,'2020-07-02','2026-12-24',3500,8000,1006,176 ),
(2089,'2020-11-16','2027-04-29',1500,5000,1007,194 ),
(2090,'2021-02-17','2027-11-27',5000,12000,1006,181 ),
(2091,'2021-03-10','2028-02-23',1500,5000,1006,180 ),
(2092,'2021-04-12','2028-03-14',2000,6000,1004,158 ),
(2093,'2021-05-19','2028-04-18',3500,8000,1003,139 ),
(2094,'2021-05-24','2029-04-05',4500,10000,1003,144 ),
(2095,'2021-09-02','2029-05-05',2000,6000,1006,182 ),
(2096,'2021-12-17','2029-05-11',1500,5000,1001,113 ),
(2097,'2021-12-18','2029-07-28',2000,6000,1001,111 ),
(2098,'2021-12-31','2029-08-28',3500,8000,1005,166 ),
(2099,'2022-01-16','2030-01-21',4500,10000,1003,142 ),
(2100,'2022-04-24','2030-04-07',2000,6000,1002,123 ),
(2101,'2018-01-14','2023-09-06',1500,5000,1003,137 ),
(2102,'2018-06-03','2023-09-28',2000,6000,1006,181 ),
(2103,'2018-06-15','2024-03-19',3500,8000,1001,113 ),
(2104,'2018-06-26','2024-05-06',4500,10000,1007,199 ),
(2105,'2018-07-10','2025-06-23',2000,6000,1001,111 ),
(2106,'2018-10-29','2025-07-18',1500,5000,1004,158 ),
(2107,'2018-12-17','2025-08-10',2000,6000,1005,167 ),
(2108,'2019-03-27','2026-03-28',3500,8000,1004,149 ),
(2109,'2019-06-19','2026-07-24',4500,10000,1006,178 ),
(2110,'2019-07-15','2026-12-30',2000,6000,1005,171 ),
(2111,'2020-01-14','2027-01-24',1500,5000,1007,191 ),
(2112,'2020-01-22','2027-02-08',2000,6000,1003,138 ),
(2113,'2020-04-02','2027-02-15',3500,8000,1003,144 ),
(2114,'2020-05-29','2027-03-10',4500,10000,1004,147 ),
(2115,'2020-09-06','2027-05-30',5000,12000,1001,109 ),
(2116,'2020-09-09','2028-02-20',1500,5000,1003,133 ),
(2117,'2020-12-07','2028-04-24',2000,6000,1002,128 ),
(2118,'2020-12-28','2029-01-17',3500,8000,1006,178 ),
(2119,'2021-01-23','2029-01-27',4500,10000,1003,142 ),
(2120,'2021-03-03','2029-08-25',5000,12000,1007,200 ),
(2121,'2021-04-03','2029-10-09',1500,5000,1003,133 ),
(2122,'2021-05-18','2029-10-21',2000,6000,1002,118 ),
(2123,'2021-08-12','2030-01-22',3500,8000,1006,188 ),
(2124,'2021-09-13','2030-02-05',4500,10000,1007,205 ),
(2125,'2021-09-23','2030-04-14',5000,12000,1005,172 ),
(2126,'2018-01-24','2023-04-15',1500,5000,1003,143 ),
(2127,'2018-02-04','2023-06-08',2000,6000,1007,191 ),
(2128,'2018-02-06','2023-11-08',3500,8000,1002,122 ),
(2129,'2018-05-26','2024-03-08',4500,10000,1004,152 ),
(2130,'2018-05-29','2024-08-04',2000,6000,1001,108 ),
(2131,'2018-10-12','2024-08-18',1500,5000,1007,199 ),
(2132,'2018-02-19','2025-02-06',2000,6000,1002,129 ),
(2133,'2018-05-24','2025-06-18',3500,8000,1004,159 ),
(2134,'2018-05-28','2025-07-18',4500,10000,1001,111 ),
(2135,'2018-12-15','2025-08-18',5000,12000,1004,150 ),
(2136,'2019-02-27','2025-10-27',1500,5000,1006,185 ),
(2137,'2019-04-17','2026-05-24',2000,6000,1004,151 ),
(2138,'2019-10-07','2026-07-16',3500,8000,1004,156 ),
(2139,'2019-12-18','2027-04-15',4500,10000,1001,105 ),
(2140,'2020-02-08','2028-08-06',5000,12000,1006,177 ),
(2141,'2020-03-13','2029-02-08',1500,5000,1003,130 ),
(2142,'2020-03-31','2029-06-03',2000,6000,1001,104 ),
(2143,'2020-06-07','2029-06-21',3500,8000,1003,140 ),
(2144,'2020-06-13','2029-08-27',4500,10000,1007,193 ),
(2145,'2020-11-01','2029-09-10',5000,12000,1007,198 ),
(2146,'2021-02-23','2029-10-18',1500,5000,1007,198 ),
(2147,'2021-04-23','2029-11-28',2000,6000,1004,158 ),
(2148,'2021-05-02','2030-01-08',3500,8000,1006,177 ),
(2149,'2021-05-12','2030-01-15',4500,10000,1006,181 ),
(2150,'2021-07-11','2030-02-26',5000,12000,1001,106 ),
(2151,'2021-08-20','2023-02-25',1500,5000,1003,137 ),
(2152,'2021-09-23','2023-03-21',2000,6000,1002,129 ),
(2153,'2021-11-16','2023-04-02',3500,8000,1007,192 ),
(2154,'2022-03-07','2023-05-17',4500,10000,1001,104 ),
(2155,'2022-05-31','2023-05-28',5000,12000,1002,122 ),
(2156,'2022-06-29','2023-08-15',1500,5000,1001,103 ),
(2157,'2018-02-01','2024-04-12',2000,6000,1004,156 ),
(2158,'2018-03-06','2024-06-18',3500,8000,1004,155 ),
(2159,'2018-10-24','2024-07-06',4500,10000,1007,194 ),
(2160,'2018-11-15','2024-07-25',5000,12000,1001,110 ),
(2161,'2018-12-25','2024-11-20',1500,5000,1006,184 ),
(2162,'2019-10-21','2025-05-25',2000,6000,1002,116 ),
(2163,'2019-12-21','2025-10-19',3500,8000,1005,173 ),
(2164,'2020-05-05','2026-08-17',4500,10000,1005,173 ),
(2165,'2020-08-27','2026-09-16',5000,12000,1003,140 ),
(2166,'2020-10-20','2027-07-12',1500,5000,1006,176 ),
(2167,'2021-03-31','2027-09-08',2000,6000,1004,160 ),
(2168,'2021-07-03','2028-02-06',3500,8000,1004,156 ),
(2169,'2022-01-09','2028-09-02',4500,10000,1004,146 ),
(2170,'2022-01-31','2028-12-04',1500,5000,1002,118 ),
(2171,'2022-02-06','2029-05-15',1500,5000,1003,131 ),
(2172,'2022-02-22','2029-09-20',2000,6000,1001,104 ),
(2173,'2022-02-28','2029-09-23',3500,8000,1007,195 ),
(2174,'2022-03-19','2030-04-16',4500,10000,1005,163 ),
(2175,'2022-04-05','2030-05-18',5000,12000,1004,151 ),
(2176,'2022-04-08','2023-03-14',1500,5000,1004,159 ),
(2177,'2022-04-11','2024-02-02',2000,6000,1003,137 ),
(2178,'2022-04-27','2024-02-26',3500,8000,1007,200 ),
(2179,'2022-07-17','2024-03-28',4500,10000,1004,148 ),
(2180,'2022-07-20','2024-05-23',2000,6000,1003,137 ),
(2181,'2022-07-25','2024-12-05',4500,10000,1005,174 ),
(2182,'2018-06-20','2025-01-06',5000,12000,1007,193 ),
(2183,'2018-07-28','2025-09-07',1500,5000,1007,194 ),
(2184,'2018-10-15','2026-01-23',2000,6000,1007,195 ),
(2185,'2018-11-01','2026-01-27',3500,8000,1005,168 ),
(2186,'2019-04-11','2026-02-08',4500,10000,1007,197 ),
(2187,'2019-04-17','2026-06-29',5000,12000,1003,142 ),
(2188,'2019-04-21','2026-07-08',4500,10000,1001,108 ),
(2189,'2019-05-06','2026-12-31',5000,12000,1007,203 ),
(2190,'2019-05-07','2027-09-03',1500,5000,1006,185 ),
(2191,'2019-09-22','2027-09-17',2000,6000,1006,184 ),
(2192,'2020-01-26','2027-11-09',3500,8000,1002,118 ),
(2193,'2020-02-15','2028-04-12',4500,10000,1003,138 ),
(2194,'2020-03-26','2028-08-05',5000,12000,1007,201 ),
(2195,'2020-09-11','2028-08-29',4500,10000,1001,111 ),
(2196,'2020-10-12','2028-09-02',5000,12000,1004,157 ),
(2197,'2021-01-31','2028-12-20',1500,5000,1003,133 ),
(2198,'2021-03-14','2030-01-14',2000,6000,1001,105 ),
(2199,'2021-06-24','2030-05-24',3500,8000,1004,151 ),
(2200,'2021-06-25','2030-07-15',1000,4000,1005,171 ),
(2201,'2021-10-27','2023-06-01',2000,6000,1001,111 ),
(2202,'2022-04-05','2023-09-05',3000,8000,1004,154 ),
(2203,'2022-04-29','2023-09-20',4000,10000,1003,140 ),
(2204,'2022-05-16','2024-02-13',1000,4000,1002,122 ),
(2205,'2022-06-05','2024-05-24',2000,6000,1001,112 ),
(2206,'2022-07-04','2024-09-25',1000,4000,1001,102 ),
(2207,'2022-01-16','2025-04-03',2000,6000,1001,104 ),
(2208,'2022-04-24','2025-04-07',1000,4000,1001,109 ),
(2209,'2018-01-14','2026-01-30',2000,6000,1006,188 ),
(2210,'2018-06-03','2026-03-07',1000,4000,1006,181 ),
(2211,'2018-06-15','2026-05-18',2000,6000,1002,124 ),
(2212,'2018-06-26','2026-07-25',3000,8000,1001,113 ),
(2213,'2018-07-10','2027-08-30',4000,10000,1004,159 ),
(2214,'2018-10-29','2027-09-19',3000,8000,1004,153 ),
(2215,'2018-12-17','2028-01-10',4000,10000,1001,114 ),
(2216,'2019-03-27','2028-02-21',3000,8000,1003,137 ),
(2217,'2019-06-19','2028-06-18',4000,10000,1002,127 ),
(2218,'2019-07-15','2028-07-31',2000,6000,1003,135 ),
(2219,'2020-01-14','2028-08-17',2000,6000,1003,142 ),
(2220,'2020-01-22','2029-05-14',3000,8000,1006,176 ),
(2221,'2020-04-02','2029-06-30',2000,6000,1007,197 ),
(2222,'2020-05-29','2029-07-23',3000,8000,1004,148 ),
(2223,'2020-09-06','2029-09-13',2000,6000,1002,129 ),
(2224,'2020-09-09','2029-11-22',3000,8000,1007,203 ),
(2225,'2020-12-07','2030-02-11',2000,6000,1002,129 ),
(2226,'2020-12-28','2023-01-17',3000,8000,1007,200 ),
(2227,'2021-01-23','2023-04-10',2000,6000,1001,100 ),
(2228,'2021-03-03','2023-07-24',3000,8000,1006,177 ),
(2229,'2021-04-03','2023-10-04',2000,6000,1007,197 ),
(2230,'2021-05-18','2023-12-12',3000,8000,1005,168 ),
(2231,'2021-08-12','2023-12-14',2000,6000,1001,107 ),
(2232,'2021-09-13','2024-09-25',3000,8000,1004,154 ),
(2233,'2021-09-23','2024-10-27',2000,6000,1003,130 ),
(2234,'2018-01-24','2025-01-15',3000,8000,1002,123 ),
(2235,'2018-02-04','2025-02-16',2000,6000,1004,152 ),
(2236,'2018-02-06','2025-08-09',3000,8000,1007,199 ),
(2237,'2018-05-26','2026-08-02',1000,4000,1001,103 ),
(2238,'2018-05-29','2027-02-25',4000,10000,1001,102 ),
(2239,'2018-10-12','2027-03-01',4000,10000,1007,203 ),
(2240,'2018-02-19','2027-03-30',4000,10000,1005,164 ),
(2241,'2018-05-24','2027-04-26',4000,10000,1006,176 ),
(2242,'2018-05-28','2027-07-28',1000,4000,1006,186 ),
(2243,'2018-12-15','2027-09-08',1000,4000,1001,110 ),
(2244,'2019-02-27','2028-05-08',1000,4000,1003,133 ),
(2245,'2019-04-17','2028-08-23',1000,4000,1006,188 ),
(2246,'2019-10-07','2028-11-19',1000,4000,1007,196 ),
(2247,'2019-12-18','2029-04-26',1000,4000,1007,195 ),
(2248,'2020-02-08','2029-06-11',1000,4000,1005,163 ),
(2249,'2020-03-13','2029-08-30',1000,4000,1006,176 ),
(2250,'2020-03-31','2030-03-18',1000,4000,1004,146 ),
(2251,'2020-06-07','2023-01-27',1000,4000,1003,130 ),
(2252,'2020-06-13','2023-05-03',1000,4000,1002,124 ),
(2253,'2020-11-01','2023-06-16',1000,4000,1001,113 ),
(2254,'2021-02-23','2023-11-01',1000,4000,1005,174 ),
(2255,'2021-04-23','2023-12-07',1000,4000,1003,139 ),
(2256,'2021-05-02','2024-04-16',1000,4000,1005,170 ),
(2257,'2021-05-12','2024-05-09',1000,4000,1002,128 ),
(2258,'2021-07-11','2024-07-01',1000,4000,1007,198 ),
(2259,'2021-08-20','2024-10-10',1000,4000,1001,106 ),
(2260,'2021-09-23','2024-10-31',1000,4000,1004,146 ),
(2261,'2021-11-16','2025-03-24',1000,4000,1003,130 ),
(2262,'2022-03-07','2025-05-19',1000,4000,1002,117 ),
(2263,'2022-05-31','2025-11-13',1000,4000,1001,113 ),
(2264,'2022-06-29','2026-04-17',1000,4000,1004,148 ),
(2265,'2018-02-01','2026-06-27',1000,4000,1006,181 ),
(2266,'2018-03-06','2026-10-03',2000,6000,1006,182 ),
(2267,'2018-10-24','2026-11-20',3000,8000,1004,148 ),
(2268,'2018-11-15','2028-06-01',2000,6000,1004,157 ),
(2269,'2018-12-25','2028-11-10',3000,8000,1005,162 ),
(2270,'2019-10-21','2029-02-11',2000,6000,1002,124 ),
(2271,'2019-12-21','2029-03-15',3000,8000,1003,132 ),
(2272,'2020-05-05','2029-08-25',2000,6000,1005,175 ),
(2273,'2020-08-27','2029-08-27',3000,8000,1004,161 ),
(2274,'2020-10-20','2029-10-29',2000,6000,1001,102 ),
(2275,'2021-03-31','2030-07-13',3000,8000,1003,135 ),
(2276,'2021-07-03','2023-08-14',2000,6000,1005,164 ),
(2277,'2022-01-09','2024-06-22',3000,8000,1001,105 ),
(2278,'2022-01-31','2024-06-30',2000,6000,1007,195 ),
(2279,'2022-02-06','2024-07-25',3000,8000,1001,103 ),
(2280,'2022-02-22','2024-09-15',2000,6000,1004,155 ),
(2281,'2022-02-28','2025-01-05',3000,8000,1001,102 ),
(2282,'2022-03-19','2025-04-08',2000,6000,1004,147 ),
(2283,'2022-04-05','2025-04-27',3000,8000,1005,174 ),
(2284,'2022-04-08','2025-06-03',2000,6000,1004,157 ),
(2285,'2022-04-11','2025-06-04',3000,8000,1006,186 ),
(2286,'2022-04-27','2025-10-14',2000,6000,1001,104 ),
(2287,'2022-07-17','2026-12-20',3000,8000,1001,115 ),
(2288,'2022-07-20','2026-12-24',2000,6000,1007,197 ),
(2289,'2022-07-25','2027-04-29',3000,8000,1007,192 ),
(2290,'2018-06-20','2027-11-27',4000,10000,1003,131 ),
(2291,'2018-07-28','2028-02-23',4000,10000,1007,194 ),
(2292,'2018-10-15','2028-03-14',4000,10000,1004,150 ),
(2293,'2018-11-01','2028-04-18',4000,10000,1002,121 ),
(2294,'2019-04-11','2029-04-05',4000,10000,1003,132 ),
(2295,'2019-04-17','2029-05-05',4000,10000,1004,159 ),
(2296,'2019-04-21','2029-05-11',4000,10000,1003,136 ),
(2297,'2019-05-06','2029-07-28',4000,10000,1003,142 ),
(2298,'2019-05-07','2029-08-28',1000,4000,1002,117 ),
(2299,'2019-09-22','2030-01-21',1000,4000,1005,171 ),
(2300,'2020-01-26','2030-04-07',4000,40000,1006,179 ),
(2301,'2020-02-15','2023-09-06',5000,60000,1004,154 ),
(2302,'2020-03-26','2023-09-28',9000,90000,1003,133 ),
(2303,'2020-09-11','2024-03-19',12000,150000,1001,108 ),
(2304,'2020-10-12','2024-05-06',16000,200000,1004,145 ),
(2305,'2021-01-31','2025-06-23',4000,40000,1001,108 ),
(2306,'2021-03-14','2025-07-18',5000,60000,1007,201 ),
(2307,'2021-06-24','2025-08-10',9000,90000,1002,116 ),
(2308,'2021-06-25','2026-03-28',12000,150000,1007,206 ),
(2309,'2021-10-27','2026-07-24',16000,200000,1001,115 ),
(2310,'2022-04-05','2026-12-30',4000,40000,1001,100 ),
(2311,'2022-04-29','2027-01-24',5000,60000,1007,196 ),
(2312,'2022-05-16','2027-02-08',9000,90000,1004,150 ),
(2313,'2022-06-05','2027-02-15',12000,150000,1001,107 ),
(2314,'2022-07-04','2027-03-10',16000,200000,1005,162 ),
(2315,'2018-05-13','2027-05-30',4000,40000,1002,117 ),
(2316,'2018-06-20','2028-02-20',5000,60000,1007,201 ),
(2317,'2018-06-30','2028-04-24',9000,90000,1001,102 ),
(2318,'2019-02-01','2029-01-17',12000,150000,1004,150 ),
(2319,'2019-02-17','2029-01-27',16000,200000,1006,179 ),
(2320,'2019-07-21','2029-08-25',4000,40000,1006,179 ),
(2321,'2019-09-11','2029-10-09',5000,60000,1004,147 ),
(2322,'2019-09-16','2029-10-21',9000,90000,1004,154 ),
(2323,'2019-10-18','2030-01-22',12000,150000,1001,107 ),
(2324,'2019-11-07','2030-02-05',16000,200000,1003,138 ),
(2325,'2019-12-17','2030-04-14',4000,40000,1004,151 ),
(2326,'2020-10-10','2023-04-15',5000,60000,1004,145 ),
(2327,'2020-11-16','2023-06-08',9000,90000,1006,188 ),
(2328,'2020-11-25','2023-11-08',12000,150000,1003,144 ),
(2329,'2021-01-13','2024-03-08',16000,200000,1001,107 ),
(2330,'2021-03-22','2024-08-04',4000,40000,1004,159 ),
(2331,'2021-05-08','2024-08-18',5000,60000,1005,174 ),
(2332,'2021-06-09','2025-02-06',9000,90000,1004,154 ),
(2333,'2021-07-05','2025-06-18',12000,150000,1003,142 ),
(2334,'2021-08-10','2025-07-18',16000,200000,1006,184 ),
(2335,'2021-09-18','2025-08-18',4000,40000,1003,143 ),
(2336,'2022-04-11','2025-10-27',5000,60000,1001,114 ),
(2337,'2022-05-12','2026-05-24',9000,90000,1004,150 ),
(2338,'2022-07-21','2026-07-16',12000,150000,1007,206 ),
(2339,'2022-07-31','2027-04-15',16000,200000,1002,125 ),
(2340,'2018-02-20','2028-08-06',4000,40000,1005,162 ),
(2341,'2018-04-26','2029-02-08',5000,60000,1006,177 ),
(2342,'2018-07-07','2029-06-03',9000,90000,1006,187 ),
(2343,'2018-08-04','2029-06-21',12000,150000,1007,191 ),
(2344,'2018-12-14','2029-08-27',16000,200000,1002,124 ),
(2345,'2019-02-05','2029-09-10',4000,40000,1007,196 ),
(2346,'2019-06-17','2029-10-18',5000,60000,1006,183 ),
(2347,'2019-07-09','2029-11-28',9000,90000,1005,166 ),
(2348,'2019-08-13','2030-01-08',12000,150000,1002,126 ),
(2349,'2019-09-19','2030-01-15',16000,200000,1004,146 ),
(2350,'2019-11-22','2030-02-26',4000,40000,1006,178 ),
(2351,'2020-02-10','2023-02-25',5000,60000,1003,133 ),
(2352,'2020-07-30','2023-03-21',9000,90000,1005,166 ),
(2353,'2020-09-07','2023-04-02',12000,150000,1002,117 ),
(2354,'2020-10-17','2023-05-17',16000,200000,1006,179 ),
(2355,'2021-01-07','2023-05-28',4000,40000,1005,169 ),
(2356,'2021-03-03','2023-08-15',5000,60000,1001,103 ),
(2357,'2021-06-11','2024-04-12',9000,90000,1006,190 ),
(2358,'2021-08-14','2024-06-18',12000,150000,1004,156 ),
(2359,'2021-09-15','2024-07-06',16000,200000,1001,106 ),
(2360,'2021-12-17','2024-07-25',4000,40000,1004,148 ),
(2361,'2022-02-06','2024-11-20',5000,60000,1003,138 ),
(2362,'2022-03-24','2025-05-25',9000,90000,1001,112 ),
(2363,'2022-04-23','2025-10-19',4000,40000,1005,163 ),
(2364,'2022-07-26','2026-08-17',5000,60000,1003,142 ),
(2365,'2020-10-20','2026-09-16',9000,90000,1006,178 ),
(2366,'2021-03-31','2027-07-12',4000,40000,1003,131 ),
(2367,'2021-07-03','2027-09-08',5000,60000,1005,162 ),
(2368,'2022-01-09','2028-02-06',9000,90000,1004,146 ),
(2369,'2022-01-31','2028-09-02',4000,40000,1003,132 ),
(2370,'2022-02-06','2028-12-04',5000,60000,1005,172 ),
(2371,'2022-02-22','2029-05-15',9000,90000,1006,188 ),
(2372,'2022-02-28','2029-09-20',4000,40000,1001,106 ),
(2373,'2022-03-19','2029-09-23',5000,60000,1004,152 ),
(2374,'2022-04-05','2030-04-16',9000,90000,1003,143 ),
(2375,'2022-04-08','2030-05-18',4000,40000,1003,134 ),
(2376,'2022-04-11','2023-03-14',5000,60000,1007,192 ),
(2377,'2022-04-27','2024-02-02',9000,90000,1005,168 ),
(2378,'2022-07-17','2024-02-26',4000,40000,1004,161 ),
(2379,'2022-07-20','2024-03-28',5000,60000,1002,122 ),
(2380,'2022-07-25','2024-05-23',9000,90000,1005,169 ),
(2381,'2018-06-20','2024-12-05',12000,150000,1005,166 ),
(2382,'2018-07-28','2025-01-06',16000,200000,1001,107 ),
(2383,'2018-10-15','2025-09-07',12000,150000,1002,118 ),
(2384,'2018-11-01','2026-01-23',16000,200000,1004,155 ),
(2385,'2019-04-11','2026-01-27',12000,150000,1003,142 ),
(2386,'2019-04-17','2026-02-08',16000,200000,1007,202 ),
(2387,'2019-04-21','2026-06-29',12000,150000,1004,153 ),
(2388,'2019-05-06','2026-07-08',16000,200000,1007,204 ),
(2389,'2019-05-07','2026-12-31',12000,150000,1002,118 ),
(2390,'2019-09-22','2027-09-03',16000,200000,1005,175 ),
(2391,'2020-01-26','2027-09-17',12000,150000,1001,114 ),
(2392,'2020-02-15','2027-11-09',16000,200000,1007,192 ),
(2393,'2020-03-26','2028-04-12',12000,150000,1006,187 ),
(2394,'2020-09-11','2028-08-05',16000,200000,1004,147 ),
(2395,'2020-10-12','2028-08-29',12000,150000,1003,139 ),
(2396,'2021-01-31','2028-09-02',16000,200000,1004,146 ),
(2397,'2021-03-14','2028-12-20',12000,150000,1007,191 ),
(2398,'2021-06-24','2030-01-14',16000,200000,1001,111 ),
(2399,'2021-06-25','2030-05-24',9000,90000,1001,107 ),
(2400,'2021-10-27','2030-07-15',12000,150000,1004,160 );


insert into claim(
Claim_id,Amount_issued,Date_issued,Billing_id)
values
(1073,1481,'2020-02-02',8095    ),
(6802,7417,'2020-02-03', 8940   ),
(9595,9733,'2020-02-13', 8586   ),
(6976,6202,'2020-03-16', 8417   ),
(7516,1126,'2020-04-30', 8870   ),
(2374,3794,'2020-06-21', 8778   ),
(6295,5116,'2020-07-10', 8818   ),
(7259,4200,'2020-07-17', 8865   ),
(5820,5104,'2020-08-09', 8239   ),
(7954,4361,'2020-08-19', 8086   ),
(8373,7276,'2020-08-27', 8054   ),
(5995,4752,'2020-09-13', 8550   ),
(4940,9077,'2020-09-23', 8692   ),
(3527,2110,'2020-09-24', 8005   ),
(5867,8942,'2020-09-25', 8114   ),
(6413,4566,'2020-11-24', 8939   ),
(1126,7687,'2020-12-13', 8012   ),
(6461,8754,'2021-01-14', 8353   ),
(3445,6705,'2021-01-23', 8552   );


insert into customer_policy(
Customer_ID,Policy_no)
values
(200,2001   ),
(201,2002   ),
(202,2003   ),
(203,2004   ),
(204,2005   ),
(205,2006   ),
(206,2007   ),
(207,2008   ),
(208,2009   ),
(209,2010   ),
(210,2011   ),
(211,2012   ),
(212,2013   ),
(213,2014   ),
(214,2015   ),
(215,2016   ),
(216,2017   ),
(217,2018   ),
(218,2019   ),
(219,2020   ),
(220,2021   ),
(221,2022   ),
(222,2023   ),
(223,2024   ),
(224,2025   ),
(225,2026   ),
(226,2027   ),
(227,2028   ),
(228,2029   ),
(229,2030   ),
(230,2031   ),
(231,2032   ),
(232,2033   ),
(233,2034   ),
(234,2035   ),
(235,2036   ),
(236,2037   ),
(237,2038   ),
(238,2039   ),
(239,2040   ),
(240,2041   ),
(241,2042   ),
(242,2043   ),
(243,2044   ),
(244,2045   ),
(245,2046   ),
(246,2047   ),
(247,2048   ),
(248,2049   ),
(249,2050   ),
(250,2051   ),
(251,2052   ),
(252,2053   ),
(253,2054   ),
(254,2055   ),
(255,2056   ),
(256,2057   ),
(257,2058   ),
(258,2059   ),
(259,2060   ),
(260,2061   ),
(261,2062   ),
(262,2063   ),
(263,2064   ),
(264,2065   ),
(265,2066   ),
(266,2067   ),
(267,2068   ),
(268,2069   ),
(269,2070   ),
(270,2071   ),
(271,2072   ),
(272,2073   ),
(273,2074   ),
(274,2075   ),
(275,2076   ),
(276,2077   ),
(277,2078   ),
(278,2079   ),
(279,2080   ),
(280,2081   ),
(281,2082   ),
(282,2083   ),
(283,2084   ),
(284,2085   ),
(285,2086   ),
(286,2087   ),
(287,2088   ),
(288,2089   ),
(289,2090   ),
(290,2091   ),
(291,2092   ),
(292,2093   ),
(293,2094   ),
(294,2095   ),
(295,2096   ),
(296,2097   ),
(297,2098   ),
(298,2099   ),
(299,2100   ),
(300,2101   ),
(301,2102   ),
(302,2103   ),
(303,2104   ),
(304,2105   ),
(305,2106   ),
(306,2107   ),
(307,2108   ),
(308,2109   ),
(309,2110   ),
(310,2111   ),
(311,2112   ),
(312,2113   ),
(313,2114   ),
(314,2115   ),
(315,2116   ),
(316,2117   ),
(317,2118   ),
(318,2119   ),
(319,2120   ),
(320,2121   ),
(321,2122   ),
(322,2123   ),
(323,2124   ),
(324,2125   ),
(325,2126   ),
(326,2127   ),
(327,2128   ),
(328,2129   ),
(329,2130   ),
(330,2131   ),
(331,2132   ),
(332,2133   ),
(333,2134   ),
(334,2135   ),
(335,2136   ),
(336,2137   ),
(337,2138   ),
(338,2139   ),
(339,2140   ),
(340,2141   ),
(341,2142   ),
(342,2143   ),
(343,2144   ),
(344,2145   ),
(345,2146   ),
(346,2147   ),
(347,2148   ),
(348,2149   ),
(349,2150   ),
(350,2151   ),
(351,2152   ),
(352,2153   ),
(353,2154   ),
(354,2155   ),
(355,2156   ),
(356,2157   ),
(357,2158   ),
(358,2159   ),
(359,2160   ),
(360,2161   ),
(361,2162   ),
(362,2163   ),
(363,2164   ),
(364,2165   ),
(365,2166   ),
(366,2167   ),
(367,2168   ),
(368,2169   ),
(369,2170   ),
(370,2171   ),
(371,2172   ),
(372,2173   ),
(373,2174   ),
(374,2175   ),
(375,2176   ),
(376,2177   ),
(377,2178   ),
(378,2179   ),
(379,2180   ),
(380,2181   ),
(381,2182   ),
(382,2183   ),
(383,2184   ),
(384,2185   ),
(385,2186   ),
(386,2187   ),
(387,2188   ),
(388,2189   ),
(389,2190   ),
(390,2191   ),
(391,2192   ),
(392,2193   ),
(393,2194   ),
(394,2195   ),
(395,2196   ),
(396,2197   ),
(397,2198   ),
(398,2199   ),
(399,2200   ),
(400,2201   ),
(401,2202   ),
(402,2203   ),
(403,2204   ),
(404,2205   ),
(405,2206   ),
(406,2207   ),
(407,2208   ),
(408,2209   ),
(409,2210   ),
(410,2211   ),
(411,2212   ),
(412,2213   ),
(413,2214   ),
(414,2215   ),
(415,2216   ),
(416,2217   ),
(417,2218   ),
(418,2219   ),
(419,2220   ),
(420,2221   ),
(421,2222   ),
(422,2223   ),
(423,2224   ),
(424,2225   ),
(425,2226   ),
(426,2227   ),
(427,2228   ),
(428,2229   ),
(429,2230   ),
(430,2231   ),
(431,2232   ),
(432,2233   ),
(433,2234   ),
(434,2235   ),
(435,2236   ),
(436,2237   ),
(437,2238   ),
(438,2239   ),
(439,2240   ),
(440,2241   ),
(441,2242   ),
(442,2243   ),
(443,2244   ),
(444,2245   ),
(445,2246   ),
(446,2247   ),
(447,2248   ),
(448,2249   ),
(449,2250   ),
(450,2251   ),
(451,2252   ),
(452,2253   ),
(453,2254   ),
(454,2255   ),
(455,2256   ),
(456,2257   ),
(457,2258   ),
(458,2259   ),
(459,2260   ),
(460,2261   ),
(461,2262   ),
(462,2263   ),
(463,2264   ),
(464,2265   ),
(465,2266   ),
(466,2267   ),
(467,2268   ),
(468,2269   ),
(469,2270   ),
(470,2271   ),
(471,2272   ),
(472,2273   ),
(473,2274   ),
(474,2275   ),
(475,2276   ),
(476,2277   ),
(477,2278   ),
(478,2279   ),
(479,2280   ),
(480,2281   ),
(481,2282   ),
(482,2283   ),
(483,2284   ),
(484,2285   ),
(485,2286   ),
(486,2287   ),
(487,2288   ),
(488,2289   ),
(489,2290   ),
(490,2291   ),
(491,2292   ),
(492,2293   ),
(493,2294   ),
(494,2295   ),
(495,2296   ),
(496,2297   ),
(497,2298   ),
(498,2299   ),
(499,2300   ),
(500,2301   ),
(501,2302   ),
(502,2303   ),
(503,2304   ),
(504,2305   ),
(505,2306   ),
(506,2307   ),
(507,2308   ),
(508,2309   ),
(509,2310   ),
(510,2311   ),
(511,2312   ),
(512,2313   ),
(513,2314   ),
(514,2315   ),
(515,2316   ),
(516,2317   ),
(517,2318   ),
(518,2319   ),
(519,2320   ),
(520,2321   ),
(521,2322   ),
(522,2323   ),
(523,2324   ),
(524,2325   ),
(525,2326   ),
(526,2327   ),
(527,2328   ),
(528,2329   ),
(529,2330   ),
(530,2331   ),
(531,2332   ),
(532,2333   ),
(533,2334   ),
(534,2335   ),
(535,2336   ),
(536,2337   ),
(537,2338   ),
(538,2339   ),
(539,2340   ),
(540,2341   ),
(541,2342   ),
(542,2343   ),
(543,2344   ),
(544,2345   ),
(545,2346   ),
(546,2347   ),
(547,2348   ),
(548,2349   ),
(549,2350   ),
(550,2351   ),
(551,2352   ),
(552,2353   ),
(553,2354   ),
(554,2355   ),
(555,2356   ),
(556,2357   ),
(557,2358   ),
(558,2359   ),
(559,2360   ),
(560,2361   ),
(561,2362   ),
(562,2363   ),
(563,2364   ),
(564,2365   ),
(565,2366   ),
(566,2367   ),
(567,2368   ),
(568,2369   ),
(569,2370   ),
(570,2371   ),
(571,2372   ),
(572,2373   ),
(573,2374   ),
(574,2375   ),
(575,2376   ),
(576,2377   ),
(577,2378   ),
(578,2379   ),
(579,2380   ),
(580,2381   ),
(581,2382   ),
(582,2383   ),
(583,2384   ),
(584,2385   ),
(585,2386   ),
(586,2387   ),
(587,2388   ),
(588,2389   ),
(589,2390   ),
(590,2391   ),
(591,2392   ),
(592,2393   ),
(593,2394   ),
(594,2395   ),
(595,2396   ),
(596,2397   ),
(597,2398   ),
(598,2399   ),
(599,2400   );


insert into policy_claim(
Claim_id,Policy_no)
values
(1073,2400 ),
(6802,2396 ),
(9595,2395 ),
(6976,2399 ),
(7516,2328 ),
(2374,2329 ),
(6295,2203 ),
(7259,2205 ),
(5820,2206 ),
(7954,2207 ),
(8373,2001 ),
(5995,2010 ),
(4940,2014 ),
(3527,2029 ),
(5867,2031 ),
(6413,2039 ),
(1126,2043 ),
(6461,2046 ),
(3445,2053 );


insert into health(
Health_id,Medical_history,Associated_hospital,Treatment_not_insured,Policy_no)
values
(5996,'NA','Universal Health Services,CommonSpirit Health,Encompass Health Corporation','elective or cosmetic procedures, beauty treatments, off-label drug use, or brand-new technologies',2001 ),
( 5417,'NA','Universal Health Services,CommonSpirit Health,Encompass Health Corporation','elective or cosmetic procedures, beauty treatments, off-label drug use, or brand-new technologies',2002 ),
( 5498,'NA','Universal Health Services,CommonSpirit Health,Encompass Health Corporation','elective or cosmetic procedures, beauty treatments, off-label drug use, or brand-new technologies',2003 ),
( 5957,'NA','Universal Health Services,CommonSpirit Health,Encompass Health Corporation','elective or cosmetic procedures, beauty treatments, off-label drug use, or brand-new technologies',2004 ),
( 5579,'NA','Universal Health Services,CommonSpirit Health,Encompass Health Corporation','elective or cosmetic procedures, beauty treatments, off-label drug use, or brand-new technologies',2005 ),
( 5515,'NA','Universal Health Services,CommonSpirit Health,Encompass Health Corporation','elective or cosmetic procedures, beauty treatments, off-label drug use, or brand-new technologies',2006 ),
( 5069,'NA','Universal Health Services,CommonSpirit Health,Encompass Health Corporation','elective or cosmetic procedures, beauty treatments, off-label drug use, or brand-new technologies',2007 ),
( 5349,'NA','Universal Health Services,CommonSpirit Health,Encompass Health Corporation','elective or cosmetic procedures, beauty treatments, off-label drug use, or brand-new technologies',2008 ),
( 5810,'NA','Universal Health Services,CommonSpirit Health,Encompass Health Corporation','elective or cosmetic procedures, beauty treatments, off-label drug use, or brand-new technologies',2009 ),
( 5299,'NA','Universal Health Services,CommonSpirit Health,Encompass Health Corporation','elective or cosmetic procedures, beauty treatments, off-label drug use, or brand-new technologies',2010 ),
( 5286,'NA','Universal Health Services,CommonSpirit Health,Encompass Health Corporation','elective or cosmetic procedures, beauty treatments, off-label drug use, or brand-new technologies',2011 ),
( 5986,'Heart Attack','Universal Health Services,CommonSpirit Health,Encompass Health Corporation','elective or cosmetic procedures, beauty treatments, off-label drug use, or brand-new technologies',2012 ),
( 5771,'Leg Fracture','Universal Health Services,CommonSpirit Health,Encompass Health Corporation','elective or cosmetic procedures, beauty treatments, off-label drug use, or brand-new technologies',2013 ),
( 5319,'Sinus','Universal Health Services,CommonSpirit Health,Encompass Health Corporation','elective or cosmetic procedures, beauty treatments, off-label drug use, or brand-new technologies',2014 ),
( 5910,'Heart Attack','Universal Health Services,CommonSpirit Health,Encompass Health Corporation','elective or cosmetic procedures, beauty treatments, off-label drug use, or brand-new technologies',2015 ),
( 5876,'NA','Universal Health Services,CommonSpirit Health,Encompass Health Corporation','elective or cosmetic procedures, beauty treatments, off-label drug use, or brand-new technologies',2016 ),
( 5789,'NA','Universal Health Services,CommonSpirit Health,Encompass Health Corporation','elective or cosmetic procedures, beauty treatments, off-label drug use, or brand-new technologies',2017 ),
( 5066,'NA','Universal Health Services,CommonSpirit Health,Encompass Health Corporation','elective or cosmetic procedures, beauty treatments, off-label drug use, or brand-new technologies',2018 ),
( 5266,'NA','Universal Health Services,CommonSpirit Health,Encompass Health Corporation','elective or cosmetic procedures, beauty treatments, off-label drug use, or brand-new technologies',2019 ),
( 5628,'NA','Universal Health Services,CommonSpirit Health,Encompass Health Corporation','elective or cosmetic procedures, beauty treatments, off-label drug use, or brand-new technologies',2020 ),
( 5117,'NA','Universal Health Services,CommonSpirit Health,Encompass Health Corporation','elective or cosmetic procedures, beauty treatments, off-label drug use, or brand-new technologies',2021 ),
( 5697,'NA','Universal Health Services,CommonSpirit Health,Encompass Health Corporation','elective or cosmetic procedures, beauty treatments, off-label drug use, or brand-new technologies',2022 ),
( 5001,'NA','Universal Health Services,CommonSpirit Health,Encompass Health Corporation','elective or cosmetic procedures, beauty treatments, off-label drug use, or brand-new technologies',2023 ),
( 5360,'Heart Attack','Universal Health Services,CommonSpirit Health,Encompass Health Corporation','elective or cosmetic procedures, beauty treatments, off-label drug use, or brand-new technologies',2024 ),
( 5630,'Leg Fracture','Universal Health Services,CommonSpirit Health,Encompass Health Corporation','elective or cosmetic procedures, beauty treatments, off-label drug use, or brand-new technologies',2025 ),
( 5904,'Heart Attack','Universal Health Services,CommonSpirit Health,Encompass Health Corporation','elective or cosmetic procedures, beauty treatments, off-label drug use, or brand-new technologies',2026 ),
( 5649,'Sinus','Universal Health Services,CommonSpirit Health,Encompass Health Corporation','elective or cosmetic procedures, beauty treatments, off-label drug use, or brand-new technologies',2027 ),
( 5053,'migraine','Universal Health Services,CommonSpirit Health,Encompass Health Corporation','elective or cosmetic procedures, beauty treatments, off-label drug use, or brand-new technologies',2028 ),
( 5931,'Heart Attack','Universal Health Services,CommonSpirit Health,Encompass Health Corporation','elective or cosmetic procedures, beauty treatments, off-label drug use, or brand-new technologies',2029 ),
( 5696,'Leg Fracture','Universal Health Services,CommonSpirit Health,Encompass Health Corporation','elective or cosmetic procedures, beauty treatments, off-label drug use, or brand-new technologies',2030 ),
( 5322,'NA','Universal Health Services,CommonSpirit Health,Encompass Health Corporation','elective or cosmetic procedures, beauty treatments, off-label drug use, or brand-new technologies',2031 ),
( 5300,'NA','Universal Health Services,CommonSpirit Health,Encompass Health Corporation','elective or cosmetic procedures, beauty treatments, off-label drug use, or brand-new technologies',2032 ),
( 5685,'NA','Universal Health Services,CommonSpirit Health,Encompass Health Corporation','elective or cosmetic procedures, beauty treatments, off-label drug use, or brand-new technologies',2033 ),
( 5178,'NA','Universal Health Services,CommonSpirit Health,Encompass Health Corporation','elective or cosmetic procedures, beauty treatments, off-label drug use, or brand-new technologies',2034 ),
( 5739,'NA','Universal Health Services,CommonSpirit Health,Encompass Health Corporation','elective or cosmetic procedures, beauty treatments, off-label drug use, or brand-new technologies',2035 ),
( 5879,'NA','Universal Health Services,CommonSpirit Health,Encompass Health Corporation','elective or cosmetic procedures, beauty treatments, off-label drug use, or brand-new technologies',2036 ),
( 5397,'NA','Universal Health Services,CommonSpirit Health,Encompass Health Corporation','elective or cosmetic procedures, beauty treatments, off-label drug use, or brand-new technologies',2037 ),
( 5330,'NA','Universal Health Services,CommonSpirit Health,Encompass Health Corporation','elective or cosmetic procedures, beauty treatments, off-label drug use, or brand-new technologies',2038 ),
( 5248,'migraine','Universal Health Services,CommonSpirit Health,Encompass Health Corporation','elective or cosmetic procedures, beauty treatments, off-label drug use, or brand-new technologies',2039 ),
( 5250,'Sinus','Universal Health Services,CommonSpirit Health,Encompass Health Corporation','elective or cosmetic procedures, beauty treatments, off-label drug use, or brand-new technologies',2040 ),
( 5626,'Heart Attack','Universal Health Services,CommonSpirit Health,Encompass Health Corporation','elective or cosmetic procedures, beauty treatments, off-label drug use, or brand-new technologies',2041 ),
( 5884,'migraine','Universal Health Services,CommonSpirit Health,Encompass Health Corporation','elective or cosmetic procedures, beauty treatments, off-label drug use, or brand-new technologies',2042 ),
( 5819,'Heart Attack','Universal Health Services,CommonSpirit Health,Encompass Health Corporation','elective or cosmetic procedures, beauty treatments, off-label drug use, or brand-new technologies',2043 ),
( 5344,'migraine','Universal Health Services,CommonSpirit Health,Encompass Health Corporation','elective or cosmetic procedures, beauty treatments, off-label drug use, or brand-new technologies',2044 ),
( 5741,'Sinus','Universal Health Services,CommonSpirit Health,Encompass Health Corporation','elective or cosmetic procedures, beauty treatments, off-label drug use, or brand-new technologies',2045 ),
( 5292,'Heart Attack','Universal Health Services,CommonSpirit Health,Encompass Health Corporation','elective or cosmetic procedures, beauty treatments, off-label drug use, or brand-new technologies',2046 ),
( 5556,'migraine','Universal Health Services,CommonSpirit Health,Encompass Health Corporation','elective or cosmetic procedures, beauty treatments, off-label drug use, or brand-new technologies',2047 ),
( 5362,'Leg Fracture','Universal Health Services,CommonSpirit Health,Encompass Health Corporation','elective or cosmetic procedures, beauty treatments, off-label drug use, or brand-new technologies',2048 ),
( 5010,'Leg Fracture','Universal Health Services,CommonSpirit Health,Encompass Health Corporation','elective or cosmetic procedures, beauty treatments, off-label drug use, or brand-new technologies',2049 ),
( 5493,'Sinus','Universal Health Services,CommonSpirit Health,Encompass Health Corporation','elective or cosmetic procedures, beauty treatments, off-label drug use, or brand-new technologies',2050 ),
( 5220,'Heart Attack','Universal Health Services,CommonSpirit Health,Encompass Health Corporation','elective or cosmetic procedures, beauty treatments, off-label drug use, or brand-new technologies',2051 ),
( 5199,'NA','Universal Health Services,CommonSpirit Health,Encompass Health Corporation','elective or cosmetic procedures, beauty treatments, off-label drug use, or brand-new technologies',2052 ),
( 5033,'NA','Universal Health Services,CommonSpirit Health,Encompass Health Corporation','elective or cosmetic procedures, beauty treatments, off-label drug use, or brand-new technologies',2053 ),
( 5561,'NA','Universal Health Services,CommonSpirit Health,Encompass Health Corporation','elective or cosmetic procedures, beauty treatments, off-label drug use, or brand-new technologies',2054 ),
( 5582,'NA','Universal Health Services,CommonSpirit Health,Encompass Health Corporation','elective or cosmetic procedures, beauty treatments, off-label drug use, or brand-new technologies',2055 ),
( 5537,'NA','Universal Health Services,CommonSpirit Health,Encompass Health Corporation','elective or cosmetic procedures, beauty treatments, off-label drug use, or brand-new technologies',2056 ),
( 5096,'NA','Universal Health Services,CommonSpirit Health,Encompass Health Corporation','elective or cosmetic procedures, beauty treatments, off-label drug use, or brand-new technologies',2057 ),
( 5104,'NA','Universal Health Services,CommonSpirit Health,Encompass Health Corporation','elective or cosmetic procedures, beauty treatments, off-label drug use, or brand-new technologies',2058 ),
( 5111,'NA','Universal Health Services,CommonSpirit Health,Encompass Health Corporation','elective or cosmetic procedures, beauty treatments, off-label drug use, or brand-new technologies',2059 ),
( 5873,'NA','Universal Health Services,CommonSpirit Health,Encompass Health Corporation','elective or cosmetic procedures, beauty treatments, off-label drug use, or brand-new technologies',2060 ),
( 5855,'NA','Universal Health Services,CommonSpirit Health,Encompass Health Corporation','elective or cosmetic procedures, beauty treatments, off-label drug use, or brand-new technologies',2061 ),
( 5233,'migraine','Universal Health Services,CommonSpirit Health,Encompass Health Corporation','elective or cosmetic procedures, beauty treatments, off-label drug use, or brand-new technologies',2062 ),
( 5814,'Heart Attack','Universal Health Services,CommonSpirit Health,Encompass Health Corporation','elective or cosmetic procedures, beauty treatments, off-label drug use, or brand-new technologies',2063 ),
( 5678,'Sinus','Universal Health Services,CommonSpirit Health,Encompass Health Corporation','elective or cosmetic procedures, beauty treatments, off-label drug use, or brand-new technologies',2064 ),
( 5601,'Heart Attack','Universal Health Services,CommonSpirit Health,Encompass Health Corporation','elective or cosmetic procedures, beauty treatments, off-label drug use, or brand-new technologies',2065 ),
( 5038,'Leg Fracture','Universal Health Services,CommonSpirit Health,Encompass Health Corporation','elective or cosmetic procedures, beauty treatments, off-label drug use, or brand-new technologies',2066 ),
( 5516,'Heart Attack','Universal Health Services,CommonSpirit Health,Encompass Health Corporation','elective or cosmetic procedures, beauty treatments, off-label drug use, or brand-new technologies',2067 ),
( 5052,'NA','Universal Health Services,CommonSpirit Health,Encompass Health Corporation','elective or cosmetic procedures, beauty treatments, off-label drug use, or brand-new technologies',2068 ),
( 5342,'NA','Universal Health Services,CommonSpirit Health,Encompass Health Corporation','elective or cosmetic procedures, beauty treatments, off-label drug use, or brand-new technologies',2069 ),
( 5690,'NA','Universal Health Services,CommonSpirit Health,Encompass Health Corporation','elective or cosmetic procedures, beauty treatments, off-label drug use, or brand-new technologies',2070 ),
( 5261,'NA','Universal Health Services,CommonSpirit Health,Encompass Health Corporation','elective or cosmetic procedures, beauty treatments, off-label drug use, or brand-new technologies',2071 ),
( 5527,'NA','Universal Health Services,CommonSpirit Health,Encompass Health Corporation','elective or cosmetic procedures, beauty treatments, off-label drug use, or brand-new technologies',2072 ),
( 5093,'NA','Universal Health Services,CommonSpirit Health,Encompass Health Corporation','elective or cosmetic procedures, beauty treatments, off-label drug use, or brand-new technologies',2073 ),
( 5825,'NA','Universal Health Services,CommonSpirit Health,Encompass Health Corporation','elective or cosmetic procedures, beauty treatments, off-label drug use, or brand-new technologies',2074 ),
( 5622,'NA','Universal Health Services,CommonSpirit Health,Encompass Health Corporation','elective or cosmetic procedures, beauty treatments, off-label drug use, or brand-new technologies',2075 ),
( 5241,'NA','Universal Health Services,CommonSpirit Health,Encompass Health Corporation','elective or cosmetic procedures, beauty treatments, off-label drug use, or brand-new technologies',2076 ),
( 5860,'NA','Universal Health Services,CommonSpirit Health,Encompass Health Corporation','elective or cosmetic procedures, beauty treatments, off-label drug use, or brand-new technologies',2077 ),
( 5122,'NA','Universal Health Services,CommonSpirit Health,Encompass Health Corporation','elective or cosmetic procedures, beauty treatments, off-label drug use, or brand-new technologies',2078 ),
( 5641,'NA','Universal Health Services,CommonSpirit Health,Encompass Health Corporation','elective or cosmetic procedures, beauty treatments, off-label drug use, or brand-new technologies',2079 ),
( 5751,'NA','Universal Health Services,CommonSpirit Health,Encompass Health Corporation','elective or cosmetic procedures, beauty treatments, off-label drug use, or brand-new technologies',2080 ),
( 5268,'NA','Universal Health Services,CommonSpirit Health,Encompass Health Corporation','elective or cosmetic procedures, beauty treatments, off-label drug use, or brand-new technologies',2081 ),
( 5273,'Heart Attack','Universal Health Services,CommonSpirit Health,Encompass Health Corporation','elective or cosmetic procedures, beauty treatments, off-label drug use, or brand-new technologies',2082 ),
( 5565,'Sinus','Universal Health Services,CommonSpirit Health,Encompass Health Corporation','elective or cosmetic procedures, beauty treatments, off-label drug use, or brand-new technologies',2083 ),
( 5708,'Leg Fracture','Universal Health Services,CommonSpirit Health,Encompass Health Corporation','elective or cosmetic procedures, beauty treatments, off-label drug use, or brand-new technologies',2084 ),
( 5989,'Heart Attack','Universal Health Services,CommonSpirit Health,Encompass Health Corporation','elective or cosmetic procedures, beauty treatments, off-label drug use, or brand-new technologies',2085 ),
( 5245,'migraine','Universal Health Services,CommonSpirit Health,Encompass Health Corporation','elective or cosmetic procedures, beauty treatments, off-label drug use, or brand-new technologies',2086 ),
( 5631,'Heart Attack','Universal Health Services,CommonSpirit Health,Encompass Health Corporation','elective or cosmetic procedures, beauty treatments, off-label drug use, or brand-new technologies',2087 ),
( 5663,'Leg Fracture','Universal Health Services,CommonSpirit Health,Encompass Health Corporation','elective or cosmetic procedures, beauty treatments, off-label drug use, or brand-new technologies',2088 ),
( 5420,'Sinus','Universal Health Services,CommonSpirit Health,Encompass Health Corporation','elective or cosmetic procedures, beauty treatments, off-label drug use, or brand-new technologies',2089 ),
( 5912,'Heart Attack','Universal Health Services,CommonSpirit Health,Encompass Health Corporation','elective or cosmetic procedures, beauty treatments, off-label drug use, or brand-new technologies',2090 ),
( 5782,'Heart Attack','Universal Health Services,CommonSpirit Health,Encompass Health Corporation','elective or cosmetic procedures, beauty treatments, off-label drug use, or brand-new technologies',2091 ),
( 5470,'NA','Universal Health Services,CommonSpirit Health,Encompass Health Corporation','elective or cosmetic procedures, beauty treatments, off-label drug use, or brand-new technologies',2092 ),
( 5236,'NA','Universal Health Services,CommonSpirit Health,Encompass Health Corporation','elective or cosmetic procedures, beauty treatments, off-label drug use, or brand-new technologies',2093 ),
( 5734,'NA','Universal Health Services,CommonSpirit Health,Encompass Health Corporation','elective or cosmetic procedures, beauty treatments, off-label drug use, or brand-new technologies',2094 ),
( 5193,'NA','Universal Health Services,CommonSpirit Health,Encompass Health Corporation','elective or cosmetic procedures, beauty treatments, off-label drug use, or brand-new technologies',2095 ),
( 5312,'NA','Universal Health Services,CommonSpirit Health,Encompass Health Corporation','elective or cosmetic procedures, beauty treatments, off-label drug use, or brand-new technologies',2096 ),
( 5451,'NA','Universal Health Services,CommonSpirit Health,Encompass Health Corporation','elective or cosmetic procedures, beauty treatments, off-label drug use, or brand-new technologies',2097 ),
( 5130,'NA','Universal Health Services,CommonSpirit Health,Encompass Health Corporation','elective or cosmetic procedures, beauty treatments, off-label drug use, or brand-new technologies',2098 ),
( 5418,'NA','Universal Health Services,CommonSpirit Health,Encompass Health Corporation','elective or cosmetic procedures, beauty treatments, off-label drug use, or brand-new technologies',2099 ),
( 5482,'NA','Universal Health Services,CommonSpirit Health,Encompass Health Corporation','elective or cosmetic procedures, beauty treatments, off-label drug use, or brand-new technologies',2100 ),
( 5071,'NA','Universal Health Services,CommonSpirit Health,Encompass Health Corporation','elective or cosmetic procedures, beauty treatments, off-label drug use, or brand-new technologies',2101 ),
( 5061,'Heart Attack','Universal Health Services,CommonSpirit Health,Encompass Health Corporation','elective or cosmetic procedures, beauty treatments, off-label drug use, or brand-new technologies',2102 ),
( 5965,'Leg Fracture','Universal Health Services,CommonSpirit Health,Encompass Health Corporation','elective or cosmetic procedures, beauty treatments, off-label drug use, or brand-new technologies',2103 ),
( 5317,'Sinus','Universal Health Services,CommonSpirit Health,Encompass Health Corporation','elective or cosmetic procedures, beauty treatments, off-label drug use, or brand-new technologies',2104 ),
( 5956,'Heart Attack','Universal Health Services,CommonSpirit Health,Encompass Health Corporation','elective or cosmetic procedures, beauty treatments, off-label drug use, or brand-new technologies',2105 ),
( 5921,'Heart Attack','Universal Health Services,CommonSpirit Health,Encompass Health Corporation','elective or cosmetic procedures, beauty treatments, off-label drug use, or brand-new technologies',2106 ),
( 5852,'NA','Universal Health Services,CommonSpirit Health,Encompass Health Corporation','elective or cosmetic procedures, beauty treatments, off-label drug use, or brand-new technologies',2107 ),
( 5497,'NA','Universal Health Services,CommonSpirit Health,Encompass Health Corporation','elective or cosmetic procedures, beauty treatments, off-label drug use, or brand-new technologies',2108 ),
( 5781,'NA','Universal Health Services,CommonSpirit Health,Encompass Health Corporation','elective or cosmetic procedures, beauty treatments, off-label drug use, or brand-new technologies',2109 ),
( 5580,'NA','Universal Health Services,CommonSpirit Health,Encompass Health Corporation','elective or cosmetic procedures, beauty treatments, off-label drug use, or brand-new technologies',2110 ),
( 5609,'NA','Universal Health Services,CommonSpirit Health,Encompass Health Corporation','elective or cosmetic procedures, beauty treatments, off-label drug use, or brand-new technologies',2111 ),
( 5445,'NA','Universal Health Services,CommonSpirit Health,Encompass Health Corporation','elective or cosmetic procedures, beauty treatments, off-label drug use, or brand-new technologies',2112 ),
( 5947,'NA','Universal Health Services,CommonSpirit Health,Encompass Health Corporation','elective or cosmetic procedures, beauty treatments, off-label drug use, or brand-new technologies',2113 ),
( 5478,'NA','Universal Health Services,CommonSpirit Health,Encompass Health Corporation','elective or cosmetic procedures, beauty treatments, off-label drug use, or brand-new technologies',2114 ),
( 5152,'NA','Universal Health Services,CommonSpirit Health,Encompass Health Corporation','elective or cosmetic procedures, beauty treatments, off-label drug use, or brand-new technologies',2115 ),
( 5767,'NA','Universal Health Services,CommonSpirit Health,Encompass Health Corporation','elective or cosmetic procedures, beauty treatments, off-label drug use, or brand-new technologies',2116 ),
( 5139,'NA','Universal Health Services,CommonSpirit Health,Encompass Health Corporation','elective or cosmetic procedures, beauty treatments, off-label drug use, or brand-new technologies',2117 ),
( 5449,'NA','Universal Health Services,CommonSpirit Health,Encompass Health Corporation','elective or cosmetic procedures, beauty treatments, off-label drug use, or brand-new technologies',2118 ),
( 5843,'NA','Universal Health Services,CommonSpirit Health,Encompass Health Corporation','elective or cosmetic procedures, beauty treatments, off-label drug use, or brand-new technologies',2119 ),
( 5348,'NA','Universal Health Services,CommonSpirit Health,Encompass Health Corporation','elective or cosmetic procedures, beauty treatments, off-label drug use, or brand-new technologies',2120 ),
( 5359,'NA','Universal Health Services,CommonSpirit Health,Encompass Health Corporation','elective or cosmetic procedures, beauty treatments, off-label drug use, or brand-new technologies',2121 ),
( 5047,'NA','Universal Health Services,CommonSpirit Health,Encompass Health Corporation','elective or cosmetic procedures, beauty treatments, off-label drug use, or brand-new technologies',2122 ),
( 5443,'NA','Universal Health Services,CommonSpirit Health,Encompass Health Corporation','elective or cosmetic procedures, beauty treatments, off-label drug use, or brand-new technologies',2123 ),
( 5235,'NA','Universal Health Services,CommonSpirit Health,Encompass Health Corporation','elective or cosmetic procedures, beauty treatments, off-label drug use, or brand-new technologies',2124 ),
( 5376,'NA','Universal Health Services,CommonSpirit Health,Encompass Health Corporation','elective or cosmetic procedures, beauty treatments, off-label drug use, or brand-new technologies',2125 ),
( 5511,'NA','Universal Health Services,CommonSpirit Health,Encompass Health Corporation','elective or cosmetic procedures, beauty treatments, off-label drug use, or brand-new technologies',2126 ),
( 5433,'NA','Universal Health Services,CommonSpirit Health,Encompass Health Corporation','elective or cosmetic procedures, beauty treatments, off-label drug use, or brand-new technologies',2127 ),
( 5281,'NA','Universal Health Services,CommonSpirit Health,Encompass Health Corporation','elective or cosmetic procedures, beauty treatments, off-label drug use, or brand-new technologies',2128 ),
( 5192,'NA','Universal Health Services,CommonSpirit Health,Encompass Health Corporation','elective or cosmetic procedures, beauty treatments, off-label drug use, or brand-new technologies',2129 ),
( 5730,'NA','Universal Health Services,CommonSpirit Health,Encompass Health Corporation','elective or cosmetic procedures, beauty treatments, off-label drug use, or brand-new technologies',2130 ),
( 5812,'NA','Universal Health Services,CommonSpirit Health,Encompass Health Corporation','elective or cosmetic procedures, beauty treatments, off-label drug use, or brand-new technologies',2131 ),
( 5455,'NA','Universal Health Services,CommonSpirit Health,Encompass Health Corporation','elective or cosmetic procedures, beauty treatments, off-label drug use, or brand-new technologies',2132 ),
( 5958,'NA','Universal Health Services,CommonSpirit Health,Encompass Health Corporation','elective or cosmetic procedures, beauty treatments, off-label drug use, or brand-new technologies',2133 ),
( 5763,'NA','Universal Health Services,CommonSpirit Health,Encompass Health Corporation','elective or cosmetic procedures, beauty treatments, off-label drug use, or brand-new technologies',2134 ),
( 5568,'NA','Universal Health Services,CommonSpirit Health,Encompass Health Corporation','elective or cosmetic procedures, beauty treatments, off-label drug use, or brand-new technologies',2135 ),
( 5735,'NA','Universal Health Services,CommonSpirit Health,Encompass Health Corporation','elective or cosmetic procedures, beauty treatments, off-label drug use, or brand-new technologies',2136 ),
( 5089,'NA','Universal Health Services,CommonSpirit Health,Encompass Health Corporation','elective or cosmetic procedures, beauty treatments, off-label drug use, or brand-new technologies',2137 ),
( 5372,'Leg Fracture','Universal Health Services,CommonSpirit Health,Encompass Health Corporation','elective or cosmetic procedures, beauty treatments, off-label drug use, or brand-new technologies',2138 ),
( 5586,'Heart Attack','Universal Health Services,CommonSpirit Health,Encompass Health Corporation','elective or cosmetic procedures, beauty treatments, off-label drug use, or brand-new technologies',2139 ),
( 5729,'Leg Fracture','Universal Health Services,CommonSpirit Health,Encompass Health Corporation','elective or cosmetic procedures, beauty treatments, off-label drug use, or brand-new technologies',2140 ),
( 5137,'Sinus','Universal Health Services,CommonSpirit Health,Encompass Health Corporation','elective or cosmetic procedures, beauty treatments, off-label drug use, or brand-new technologies',2141 ),
( 5842,'Heart Attack','Universal Health Services,CommonSpirit Health,Encompass Health Corporation','elective or cosmetic procedures, beauty treatments, off-label drug use, or brand-new technologies',2142 ),
( 5887,'migraine','Universal Health Services,CommonSpirit Health,Encompass Health Corporation','elective or cosmetic procedures, beauty treatments, off-label drug use, or brand-new technologies',2143 ),
( 5752,'Heart Attack','Universal Health Services,CommonSpirit Health,Encompass Health Corporation','elective or cosmetic procedures, beauty treatments, off-label drug use, or brand-new technologies',2144 ),
( 5361,'NA','Universal Health Services,CommonSpirit Health,Encompass Health Corporation','elective or cosmetic procedures, beauty treatments, off-label drug use, or brand-new technologies',2145 ),
( 5116,'NA','Universal Health Services,CommonSpirit Health,Encompass Health Corporation','elective or cosmetic procedures, beauty treatments, off-label drug use, or brand-new technologies',2146 ),
( 5648,'NA','Universal Health Services,CommonSpirit Health,Encompass Health Corporation','elective or cosmetic procedures, beauty treatments, off-label drug use, or brand-new technologies',2147 ),
( 5535,'NA','Universal Health Services,CommonSpirit Health,Encompass Health Corporation','elective or cosmetic procedures, beauty treatments, off-label drug use, or brand-new technologies',2148 ),
( 5480,'NA','Universal Health Services,CommonSpirit Health,Encompass Health Corporation','elective or cosmetic procedures, beauty treatments, off-label drug use, or brand-new technologies',2149 ),
( 5589,'NA','Universal Health Services,CommonSpirit Health,Encompass Health Corporation','elective or cosmetic procedures, beauty treatments, off-label drug use, or brand-new technologies',2150 ),
( 5365,'NA','Universal Health Services,CommonSpirit Health,Encompass Health Corporation','elective or cosmetic procedures, beauty treatments, off-label drug use, or brand-new technologies',2151 ),
( 5865,'NA','Universal Health Services,CommonSpirit Health,Encompass Health Corporation','elective or cosmetic procedures, beauty treatments, off-label drug use, or brand-new technologies',2152 ),
( 5850,'NA','Universal Health Services,CommonSpirit Health,Encompass Health Corporation','elective or cosmetic procedures, beauty treatments, off-label drug use, or brand-new technologies',2153 ),
( 5087,'NA','Universal Health Services,CommonSpirit Health,Encompass Health Corporation','elective or cosmetic procedures, beauty treatments, off-label drug use, or brand-new technologies',2154 ),
( 5402,'NA','Universal Health Services,CommonSpirit Health,Encompass Health Corporation','elective or cosmetic procedures, beauty treatments, off-label drug use, or brand-new technologies',2155 ),
( 5637,'NA','Universal Health Services,CommonSpirit Health,Encompass Health Corporation','elective or cosmetic procedures, beauty treatments, off-label drug use, or brand-new technologies',2156 ),
( 5829,'NA','Universal Health Services,CommonSpirit Health,Encompass Health Corporation','elective or cosmetic procedures, beauty treatments, off-label drug use, or brand-new technologies',2157 ),
( 5679,'NA','Universal Health Services,CommonSpirit Health,Encompass Health Corporation','elective or cosmetic procedures, beauty treatments, off-label drug use, or brand-new technologies',2158 ),
( 5044,'NA','Universal Health Services,CommonSpirit Health,Encompass Health Corporation','elective or cosmetic procedures, beauty treatments, off-label drug use, or brand-new technologies',2159 ),
( 5413,'NA','Universal Health Services,CommonSpirit Health,Encompass Health Corporation','elective or cosmetic procedures, beauty treatments, off-label drug use, or brand-new technologies',2160 ),
( 5823,'NA','Universal Health Services,CommonSpirit Health,Encompass Health Corporation','elective or cosmetic procedures, beauty treatments, off-label drug use, or brand-new technologies',2161 ),
( 5569,'NA','Universal Health Services,CommonSpirit Health,Encompass Health Corporation','elective or cosmetic procedures, beauty treatments, off-label drug use, or brand-new technologies',2162 ),
( 5252,'NA','Universal Health Services,CommonSpirit Health,Encompass Health Corporation','elective or cosmetic procedures, beauty treatments, off-label drug use, or brand-new technologies',2163 ),
( 5303,'NA','Universal Health Services,CommonSpirit Health,Encompass Health Corporation','elective or cosmetic procedures, beauty treatments, off-label drug use, or brand-new technologies',2164 ),
( 5463,'NA','Universal Health Services,CommonSpirit Health,Encompass Health Corporation','elective or cosmetic procedures, beauty treatments, off-label drug use, or brand-new technologies',2165 ),
( 5615,'NA','Universal Health Services,CommonSpirit Health,Encompass Health Corporation','elective or cosmetic procedures, beauty treatments, off-label drug use, or brand-new technologies',2166 ),
( 5688,'NA','Universal Health Services,CommonSpirit Health,Encompass Health Corporation','elective or cosmetic procedures, beauty treatments, off-label drug use, or brand-new technologies',2167 ),
( 5474,'NA','Universal Health Services,CommonSpirit Health,Encompass Health Corporation','elective or cosmetic procedures, beauty treatments, off-label drug use, or brand-new technologies',2168 ),
( 5167,'NA','Universal Health Services,CommonSpirit Health,Encompass Health Corporation','elective or cosmetic procedures, beauty treatments, off-label drug use, or brand-new technologies',2169 ),
( 5135,'NA','Universal Health Services,CommonSpirit Health,Encompass Health Corporation','elective or cosmetic procedures, beauty treatments, off-label drug use, or brand-new technologies',2170 ),
( 5129,'NA','Universal Health Services,CommonSpirit Health,Encompass Health Corporation','elective or cosmetic procedures, beauty treatments, off-label drug use, or brand-new technologies',2171 ),
( 5016,'NA','Universal Health Services,CommonSpirit Health,Encompass Health Corporation','elective or cosmetic procedures, beauty treatments, off-label drug use, or brand-new technologies',2172 ),
( 5638,'NA','Universal Health Services,CommonSpirit Health,Encompass Health Corporation','elective or cosmetic procedures, beauty treatments, off-label drug use, or brand-new technologies',2173 ),
( 5198,'NA','Universal Health Services,CommonSpirit Health,Encompass Health Corporation','elective or cosmetic procedures, beauty treatments, off-label drug use, or brand-new technologies',2174 ),
( 5343,'NA','Universal Health Services,CommonSpirit Health,Encompass Health Corporation','elective or cosmetic procedures, beauty treatments, off-label drug use, or brand-new technologies',2175 ),
( 5403,'NA','Universal Health Services,CommonSpirit Health,Encompass Health Corporation','elective or cosmetic procedures, beauty treatments, off-label drug use, or brand-new technologies',2176 ),
( 5632,'NA','Universal Health Services,CommonSpirit Health,Encompass Health Corporation','elective or cosmetic procedures, beauty treatments, off-label drug use, or brand-new technologies',2177 ),
( 5574,'NA','Universal Health Services,CommonSpirit Health,Encompass Health Corporation','elective or cosmetic procedures, beauty treatments, off-label drug use, or brand-new technologies',2178 ),
( 5297,'NA','Universal Health Services,CommonSpirit Health,Encompass Health Corporation','elective or cosmetic procedures, beauty treatments, off-label drug use, or brand-new technologies',2179 ),
( 5469,'NA','Universal Health Services,CommonSpirit Health,Encompass Health Corporation','elective or cosmetic procedures, beauty treatments, off-label drug use, or brand-new technologies',2180 ),
( 5251,'NA','Universal Health Services,CommonSpirit Health,Encompass Health Corporation','elective or cosmetic procedures, beauty treatments, off-label drug use, or brand-new technologies',2181 ),
( 5987,'NA','Universal Health Services,CommonSpirit Health,Encompass Health Corporation','elective or cosmetic procedures, beauty treatments, off-label drug use, or brand-new technologies',2182 ),
( 5736,'NA','Universal Health Services,CommonSpirit Health,Encompass Health Corporation','elective or cosmetic procedures, beauty treatments, off-label drug use, or brand-new technologies',2183 ),
( 5423,'Heart Attack','Universal Health Services,CommonSpirit Health,Encompass Health Corporation','elective or cosmetic procedures, beauty treatments, off-label drug use, or brand-new technologies',2184 ),
( 5436,'Sinus','Universal Health Services,CommonSpirit Health,Encompass Health Corporation','elective or cosmetic procedures, beauty treatments, off-label drug use, or brand-new technologies',2185 ),
( 5076,'Leg Fracture','Universal Health Services,CommonSpirit Health,Encompass Health Corporation','elective or cosmetic procedures, beauty treatments, off-label drug use, or brand-new technologies',2186 ),
( 5665,'Heart Attack','Universal Health Services,CommonSpirit Health,Encompass Health Corporation','elective or cosmetic procedures, beauty treatments, off-label drug use, or brand-new technologies',2187 ),
( 5979,'Heart Attack','Universal Health Services,CommonSpirit Health,Encompass Health Corporation','elective or cosmetic procedures, beauty treatments, off-label drug use, or brand-new technologies',2188 ),
( 5871,'NA','Universal Health Services,CommonSpirit Health,Encompass Health Corporation','elective or cosmetic procedures, beauty treatments, off-label drug use, or brand-new technologies',2189 ),
( 5194,'NA','Universal Health Services,CommonSpirit Health,Encompass Health Corporation','elective or cosmetic procedures, beauty treatments, off-label drug use, or brand-new technologies',2190 ),
( 5345,'NA','Universal Health Services,CommonSpirit Health,Encompass Health Corporation','elective or cosmetic procedures, beauty treatments, off-label drug use, or brand-new technologies',2191 ),
( 5002,'NA','Universal Health Services,CommonSpirit Health,Encompass Health Corporation','elective or cosmetic procedures, beauty treatments, off-label drug use, or brand-new technologies',2192 ),
( 5598,'NA','Universal Health Services,CommonSpirit Health,Encompass Health Corporation','elective or cosmetic procedures, beauty treatments, off-label drug use, or brand-new technologies',2193 ),
( 5924,'NA','Universal Health Services,CommonSpirit Health,Encompass Health Corporation','elective or cosmetic procedures, beauty treatments, off-label drug use, or brand-new technologies',2194 ),
( 5770,'NA','Universal Health Services,CommonSpirit Health,Encompass Health Corporation','elective or cosmetic procedures, beauty treatments, off-label drug use, or brand-new technologies',2195 ),
( 5091,'NA','Universal Health Services,CommonSpirit Health,Encompass Health Corporation','elective or cosmetic procedures, beauty treatments, off-label drug use, or brand-new technologies',2196 ),
( 5464,'NA','Universal Health Services,CommonSpirit Health,Encompass Health Corporation','elective or cosmetic procedures, beauty treatments, off-label drug use, or brand-new technologies',2197 ),
( 5613,'NA','Universal Health Services,CommonSpirit Health,Encompass Health Corporation','elective or cosmetic procedures, beauty treatments, off-label drug use, or brand-new technologies',2198 ),
( 5526,'NA','Universal Health Services,CommonSpirit Health,Encompass Health Corporation','elective or cosmetic procedures, beauty treatments, off-label drug use, or brand-new technologies',2199 ),
( 5817,'NA','Universal Health Services,CommonSpirit Health,Encompass Health Corporation','elective or cosmetic procedures, beauty treatments, off-label drug use, or brand-new technologies',2200 );


insert into car(
Car_Num,Model,Registration_Year,Policy_no)
values
(747325,'Ford F-Series',2015,2201     ),
(668288,'Chevrolet Silverado',2015,2202     ),
(151595,'Ram Pickup',2021,2203     ),
(781426,'Toyota RAV4',2019,2204     ),
(283012,'Honda CR-V',2017,2205     ),
(746434,'Toyota Camry',2010,2206     ),
(118377,'Chevrolet Equinox',2013,2207     ),
(636077,'Honda Civic ',2014,2208     ),
(260525,'Jeep Grand Cherokee',2016,2209     ),
(580653,'Toyota Highlander',2014,2210     ),
(321361,'Ford F-Series',2011,2211     ),
(622287,'Chevrolet Silverado',2013,2212     ),
(229629,'Ram Pickup',2018,2213     ),
(830024,'Toyota RAV4',2015,2214     ),
(244073,'Honda CR-V',2010,2215     ),
(980299,'Toyota Camry',2010,2216     ),
(608423,'Chevrolet Equinox',2021,2217     ),
(743622,'Honda Civic ',2016,2218     ),
(514436,'Jeep Grand Cherokee',2013,2219     ),
(423430,'Toyota Highlander',2016,2220     ),
(838360,'Ford F-Series',2013,2221     ),
(534102,'Chevrolet Silverado',2011,2222     ),
(543815,'Ram Pickup',2019,2223     ),
(937619,'Toyota RAV4',2016,2224     ),
(921979,'Honda CR-V',2012,2225     ),
(656241,'Toyota Camry',2011,2226     ),
(354422,'Chevrolet Equinox',2016,2227     ),
(819210,'Honda Civic ',2011,2228     ),
(334758,'Jeep Grand Cherokee',2012,2229     ),
(570069,'Toyota Highlander',2021,2230     ),
(802754,'Ford F-Series',2013,2231     ),
(823594,'Chevrolet Silverado',2014,2232     ),
(645179,'Ram Pickup',2011,2233     ),
(321087,'Toyota RAV4',2015,2234     ),
(921637,'Honda CR-V',2016,2235     ),
(979936,'Toyota Camry',2012,2236     ),
(613557,'Chevrolet Equinox',2017,2237     ),
(851445,'Honda Civic ',2021,2238     ),
(202381,'Jeep Grand Cherokee',2017,2239     ),
(147639,'Toyota Highlander',2014,2240     ),
(350614,'Ford F-Series',2017,2241     ),
(604381,'Chevrolet Silverado',2020,2242     ),
(374112,'Ram Pickup',2018,2243     ),
(923761,'Toyota RAV4',2018,2244     ),
(110473,'Honda CR-V',2017,2245     ),
(513966,'Toyota Camry',2020,2246     ),
(856843,'Chevrolet Equinox',2020,2247     ),
(641777,'Honda Civic ',2013,2248     ),
(771713,'Jeep Grand Cherokee',2014,2249     ),
(713010,'Toyota Highlander',2015,2250     ),
(722518,'Ford F-Series',2017,2251     ),
(708719,'Chevrolet Silverado',2014,2252     ),
(332761,'Ram Pickup',2018,2253     ),
(836382,'Toyota RAV4',2012,2254     ),
(779147,'Honda CR-V',2012,2255     ),
(733655,'Toyota Camry',2012,2256     ),
(802667,'Chevrolet Equinox',2019,2257     ),
(763637,'Honda Civic ',2018,2258     ),
(129108,'Jeep Grand Cherokee',2012,2259     ),
(412644,'Toyota Highlander',2010,2260     ),
(672573,'Ford F-Series',2018,2261     ),
(105849,'Chevrolet Silverado',2013,2262     ),
(332357,'Ram Pickup',2017,2263     ),
(761031,'Toyota RAV4',2017,2264     ),
(856103,'Honda CR-V',2010,2265     ),
(242409,'Toyota Camry',2020,2266     ),
(503890,'Chevrolet Equinox',2014,2267     ),
(210194,'Honda Civic ',2020,2268     ),
(230670,'Jeep Grand Cherokee',2018,2269     ),
(555783,'Toyota Highlander',2015,2270     ),
(972331,'Ford F-Series',2012,2271     ),
(659081,'Chevrolet Silverado',2010,2272     ),
(252240,'Ram Pickup',2020,2273     ),
(928131,'Toyota RAV4',2017,2274     ),
(453041,'Honda CR-V',2017,2275     ),
(480568,'Toyota Camry',2015,2276     ),
(271890,'Chevrolet Equinox',2010,2277     ),
(745267,'Honda Civic ',2019,2278     ),
(300948,'Jeep Grand Cherokee',2015,2279     ),
(525901,'Toyota Highlander',2014,2280     ),
(681203,'Ford F-Series',2019,2281     ),
(188657,'Chevrolet Silverado',2020,2282     ),
(612879,'Ram Pickup',2018,2283     ),
(434553,'Toyota RAV4',2021,2284     ),
(919487,'Honda CR-V',2014,2285     ),
(906955,'Toyota Camry',2010,2286     ),
(766950,'Chevrolet Equinox',2013,2287     ),
(623781,'Honda Civic ',2010,2288     ),
(698671,'Jeep Grand Cherokee',2020,2289     ),
(819859,'Toyota Highlander',2013,2290     ),
(296020,'Ford F-Series',2019,2291     ),
(809715,'Chevrolet Silverado',2016,2292     ),
(661212,'Ram Pickup',2015,2293     ),
(920979,'Toyota RAV4',2021,2294     ),
(801540,'Honda CR-V',2018,2295     ),
(883111,'Toyota Camry',2018,2296     ),
(102578,'Chevrolet Equinox',2019,2297     ),
(621988,'Honda Civic ',2021,2298     ),
(508902,'Jeep Grand Cherokee',2019,2299     ),
(437442,'Toyota Highlander',2015,2300     );

insert into home(
Home_no,Home_type,City,Zipcode,Year_built,Area,Policy_no)
values
(7714,'Home_type','Nantes',21055,2018,2160,2301),
(77741,'Single-Family Home','Las Vegas',15730,2008,3691,2302),
(77458,'Condo','Melbourne',39401,2013,3659,2303),
(77575,'Townhouse','Nantes',29446,1999,3718,2304),
(77088,'Multi-Family Home','Stavern',54172,2016,2246,2305),
(77459,'Single-Family Home','San Rafael',27259,1997,3960,2306),
(77316,'Condo','Warszawa',77706,2004,3087,2307),
(77378,'Townhouse','Frankfurt',70374,2003,3715,2308),
(77752,'Multi-Family Home','San Francisco',78916,2002,2391,2309),
(77081,'Single-Family Home','NYC',71365,2008,3532,2310),
(77543,'Condo','Madrid',70528,1999,3801,2311),
(77400,'Townhouse','Luleå',54448,1991,3699,2312),
(77345,'Multi-Family Home','Kobenhavn',69235,2012,3548,2313),
(77467,'Single-Family Home','Lyon',51492,1995,2769,2314),
(77599,'Condo','Singapore',39416,2002,3989,2315),
(77038,'Townhouse','NYC',69004,2008,2387,2316),
(77208,'Multi-Family Home','Allentown',13293,2019,2163,2317),
(77548,'Single-Family Home','Burlingame',64347,2019,3460,2318),
(77094,'Condo','Singapore',70554,2016,2695,2319),
(77739,'Townhouse','Bergen',49071,2001,2566,2320),
(77729,'Multi-Family Home','New Haven',92186,2012,3701,2321),
(77925,'Single-Family Home','Lisboa',17701,2015,2087,2322),
(77576,'Condo','Lille',69804,2019,2666,2323),
(77620,'Townhouse','Paris',73833,1991,3210,2324),
(77601,'Multi-Family Home','Cambridge',98471,2001,3129,2325),
(77153,'Single-Family Home','Bridgewater',72460,2011,3580,2326),
(77862,'Condo','Kita-ku',90891,2020,2316,2327),
(77775,'Townhouse','NYC',68109,1992,2737,2328),
(77884,'Multi-Family Home','Helsinki',74448,2020,3864,2329),
(77501,'Single-Family Home','Manchester',17624,2007,3538,2330),
(77355,'Condo','Dublin',51162,2014,2478,2331),
(77197,'Townhouse','Brickhaven',84098,2000,2098,2332),
(77770,'Multi-Family Home','Liverpool',87501,2009,3960,2333),
(77535,'Single-Family Home','Vancouver',60857,2006,3332,2334),
(77479,'Condo','Brickhaven',68797,2010,3131,2335),
(77878,'Townhouse','Pasadena',61942,1990,2927,2336),
(77795,'Multi-Family Home','Singapore',84673,2002,2359,2337),
(77985,'Single-Family Home','Strasbourg',77690,1992,3465,2338),
(77330,'Condo','Central Hong Kong',55037,1996,3750,2339),
(77398,'Townhouse','Barcelona',80641,2013,2753,2340),
(77669,'Multi-Family Home','Glendale',16950,2004,2076,2341),
(77799,'Single-Family Home','Cunewalde',58504,2004,3683,2342),
(77897,'Condo','Århus',88573,1991,2768,2343),
(77350,'Townhouse','Montréal',91923,2008,3461,2344),
(77840,'Multi-Family Home','Madrid',83594,2013,2935,2345),
(77235,'Single-Family Home','San Diego',12970,2004,2038,2346),
(77246,'Condo','Cowes',49530,2000,2014,2347),
(77844,'Townhouse','Toulouse',33747,2009,3120,2348),
(77887,'Multi-Family Home','Frankfurt',64102,2016,2862,2349),
(77143,'Single-Family Home','Torino',87853,2007,3628,2350),
(77226,'Condo','Paris',45744,2012,2967,2351),
(77767,'Townhouse','Versailles',36630,1997,3152,2352),
(77591,'Multi-Family Home','Köln',20479,2009,2144,2353),
(77630,'Single-Family Home','Tsawassen',45623,1996,3977,2354),
(77108,'Condo','München',72550,2011,3727,2355),
(77852,'Townhouse','North Sydney',82921,2012,2623,2356),
(77813,'Multi-Family Home','Bergamo',30944,1991,2542,2357),
(77531,'Single-Family Home','Chatswood',35182,2007,2369,2358),
(77893,'Condo','Cambridge',92689,2008,2356,2359),
(77285,'Townhouse','Fribourg',53640,2010,3075,2360),
(77171,'Multi-Family Home','Genève',89929,1993,2246,2361),
(77485,'Single-Family Home','Oslo',76767,2021,2317,2362),
(77220,'Condo','Amsterdam',97372,1999,3560,2363),
(77617,'Townhouse','Berlin',28548,2012,3991,2364),
(77696,'Multi-Family Home','Oulu',27627,2007,2736,2365),
(77957,'Single-Family Home','Bruxelles',16962,2014,3125,2366),
(77598,'Condo','White Plains',65046,1996,3712,2367),
(77870,'Townhouse','New Bedford',19553,2016,3443,2368),
(77250,'Multi-Family Home','San Francisco',38074,2008,2021,2369),
(77412,'Single-Family Home','Auckland  ',37730,2018,2314,2370),
(77722,'Condo','London',81948,2020,2956,2371),
(77369,'Townhouse','Newark',95392,1992,2433,2372),
(77302,'Multi-Family Home','South Brisbane',11847,2019,3184,2373),
(77010,'Single-Family Home','Espoo',15709,2015,2260,2374),
(77793,'Condo','Brandenburg',41870,1992,3170,2375),
(77303,'Townhouse','Philadelphia',70889,2011,3495,2376),
(77106,'Multi-Family Home','Madrid',39583,2011,2718,2377),
(77705,'Single-Family Home','Los Angeles',17365,1993,2061,2378),
(77571,'Condo','Cork',52977,2007,2673,2379),
(77255,'Townhouse','Marseille',78423,2017,2896,2380),
(77488,'Multi-Family Home','Reims',22655,2017,2581,2381),
(77342,'Single-Family Home','Hatfield',42106,1991,3452,2382),
(77207,'Condo','Auckland',27347,2019,2042,2383),
(77818,'Townhouse','Münster',47674,1997,3499,2384),
(77711,'Multi-Family Home','Boston',77995,2018,2978,2385),
(77821,'Single-Family Home','Nashua',29786,2005,2583,2386),
(77499,'Condo','Lisboa',72677,1998,2406,2387),
(77783,'Townhouse','Bern',87921,2018,3820,2388),
(77709,'Multi-Family Home','Brickhaven',22520,1994,2303,2389),
(77460,'Single-Family Home','Charleroi',77971,1995,3182,2390),
(77697,'Condo','Salzburg',24476,1995,3457,2391),
(77719,'Townhouse','Makati City',53939,2004,2981,2392),
(77608,'Multi-Family Home','Reggio Emilia',89031,2020,3324,2393),
(77193,'Single-Family Home','Minato-ku',45191,2012,3244,2394),
(77647,'Condo','Paris',21567,1999,2564,2395),
(77489,'Townhouse','Stuttgart',71034,2004,3167,2396),
(77324,'Multi-Family Home','Wellington',87137,2003,2877,2397),
(77699,'Single-Family Home','Munich',50481,2021,2451,2398),
(77863,'Condo','NYC',47957,2003,2964,2399);


insert into policy(
Policy_no,Start_date,End_date,Premium,Coverage,Branch_id,Agent_ID)
values
(3100,'2018-03-16','2023-06-01',3000,8000,1002,118 ),
(3101,'2021-10-27','2030-07-15',12000,150000,1002,118 ),
(3102,'2019-02-09','2026-05-18',16000,200000,1003,139 ),
(3103,'2020-10-27','2030-07-15',3500,8000,1004,160 ),
(3104,'2020-10-27','2030-07-15',4500,10000,1004,146 ),
(3105,'2020-10-27','2030-07-15',4500,10000,1007,191 ),
(3106,'2019-02-09','2026-05-18',16000,200000,1004,147 ),
(3107,'2020-10-27','2030-07-15',3500,8000,1004,147 ),
(3108,'2018-03-16','2023-06-01',3000,8000,1003,143 ),
(3109,'2018-03-16','2023-06-01',3000,8000,1001,114 );

insert into payment(
Billing_id,Bank_account_no,payment_date,amount,Customer_id)
values
(6023,40951131,2018,1500,200),
(6328,40951131,2019,1500,200),
(6862,40951131,2020,1500,200),
(6153,40951131,2021,1500,200),
(6801,40951131,2022,1500,200),
(6249,40951131,2021,2000,200),
(6009,40951131,2022,2000,200),
(6953,13817399,2019,3500,210),
(6600,13817399,2020,3500,210),
(6988,13817399,2021,3500,210),
(6585,13817399,2022,3500,210),
(6165,56721754,2020,1500,599),
(6562,56721754,2021,1500,599),
(6463,56721754,2022,1500,599),
(6082,28644388,2020,5000,595),
(6287,28644388,2021,5000,595),
(6458,28644388,2022,5000,595),
(6741,78796772,2020,1500,596),
(6068,78796772,2021,1500,596),
(6054,78796772,2022,1500,596),
(6281,32118149,2019,20000,481),
(6623,32118149,2020,20000,481),
(6089,32118149,2021,20000,481),
(6981,32118149,2022,20000,481),
(6710,32118149,2020,3500,481),
(6102,32118149,2021,3500,481),
(6707,32118149,2022,3500,481),
(6795,66168184,2018,4500,573),
(6733,66168184,2019,4500,573),
(6708,66168184,2020,4500,573),
(6559,66168184,2021,4500,573),
(6728,66168184,2022,4500,573),
(6244,37271042,2018,3000,217),
(6386,37271042,2019,3000,217),
(6523,37271042,2020,3000,217),
(6595,37271042,2021,3000,217),
(6201,37271042,2022,3000,217);

insert into customer_policy(
Customer_id,Policy_no)
values
(200,3100  ),
(200,3101  ),
(210,3102  ),
(599,3103  ),
(595,3104  ),
(596,3105  ),
(481,3106  ),
(481,3107  ),
(573,3108  ),
(217,3109  );

insert into health(
Health_id,Medical_history,Associated_hospital,Treatment_not_insured,Policy_no)
values
(5524,'NA','Universal Health Services,CommonSpirit Health,Encompass Health Corporation','elective or cosmetic procedures, beauty treatments, off-label drug use, or brand-new technologies',3103 ),
(5416,'NA','Universal Health Services,CommonSpirit Health,Encompass Health Corporation','elective or cosmetic procedures, beauty treatments, off-label drug use, or brand-new technologies',3104 ),
(5486,'NA','Universal Health Services,CommonSpirit Health,Encompass Health Corporation','elective or cosmetic procedures, beauty treatments, off-label drug use, or brand-new technologies',3105 ),
(5536,'NA','Universal Health Services,CommonSpirit Health,Encompass Health Corporation','elective or cosmetic procedures, beauty treatments, off-label drug use, or brand-new technologies',3107 );

insert into car(
car_num,Model,Registration_year,Policy_no)
values
(621380,'Honda Civic ',2021,3100 ),
(612908,'Jeep Grand Cherokee',2019,3108 ),
(631989,'Toyota Highlander',2015,3109 );

insert into home(
Home_no,Home_type,city,zipcode,year_built,area,policy_no)
values
(7163,'Single-Family Home','Wellington',87137,2003,2878,3101 ),
(7833,'Condo','Munich',50481,2021,2433,3102 ),
(7865,'Townhouse','NYC',47957,2003,2964,3106 );
